{
    "living_room": {
        "safe_place": [],
        "couches": [
            -2.694401741027832,
            0.008393734693527222,
            0.0,
            0.0,
            0.0,
            -0.9976083295415799,
	    0.06912033585898122
        ],
        "desk": []
    },
    "dinning_room": {
        "safe_place": [],
        "entrance": [],
        "table": []
    },
    "kitchen": {
        "safe_place": [],
        "table": [
            2.814345359802246,
            0.8820558190345764,
            0.0,
            0.0,
            0.0,
            -0.9999193454511112,
            0.012700495762820282
        ],
        "shelve": [
            3.063077211380005,
            2.318700075149536,
            0.0,
            0.0,
            0.0,
            0.9999949211560363,
            0.0031871087419256777
        ],
        "sink": [],
        "beverages": [
            -3.724292755126953,
             0.5414600968360901,
            0.0,
            0.0,
            0.0,
             0.29994259223481246,
            0.9539572534256768
        ]

    },
    "bedroom": {
        "safe_place": [],
        "bed": []
    },  
    "entrance": {
        "safe_place": [
            0.5900723934173584,
            0.026401042938232422,
            0.0,
            0.0,
            0.0,
            0.06796974466301547,
            0.9976873828060794
        ]
    }
}
