{
    "living_room": {
        "safe_place": [],
        "couches": [
            3.491515874862671,
            0.1571127325296402,
            0.0,
            0.0,
            0.0,
            0.014520565177798338,
            0.9998945710358255
        ],
        "desk": []
    },
    "dinning_room": {
        "safe_place": [],
        "entrance": [],
        "table": []
    },
    "kitchen": {
        "safe_place": [],
        "table": [
            -0.4980736970901489,
            -0.17494535446166992,
            0.0,
            0.0,
            0.0,
            -0.9999652964985977,
            0.008331014252264941
        ],
        "shelve": [
            -0.9829524755477905,
            1.5167648792266846,
            0.0,
            0.0,
            0.0,
            -0.9999620550899677,
            0.008711393702975773
        ],
        "sink": [],
        "beverages": [
            3.192195415496826,
            0.5922515988349915,
            0.0,
            0.0,
            0.0,
            0.9803726814711898,
            0.19715325365052733
        ]

    },
    "bedroom": {
        "safe_place": [],
        "bed": []
    },  
    "entrance": {
        "safe_place": [
            -2.4100446701049805,
            -1.0018831491470337,
            0.0,
            0.0,
            0.0,
            -0.9997734810701215,
            0.021283480658271528
        ]
    }
}
