{
    "living_room": {
        "safe_place": [],
        "couches": [
            -0.1972646266222,
            -0.885478138923645,
            0.0,
            0.0,
            0.0,
            0.053026016753127916,
            0.9985931311336449
        ],
        "desk": []
    },
    "dinning_room": {
        "safe_place": [],
        "entrance": [],
        "table": []
    },
    "kitchen": {
        "safe_place": [],
        "table": [

            -0.4073507785797119,
            0.00488473242148757,
            0.0,
            0.0,
            0.0,
            0.999995499149652,
            0.0030002800599741152
        ],
        "shelve": [
            -0.7982326745986938,
            1.5186916589736938,
            0.0,
            0.0,
            0.0,
            -0.9977235225008967,
            0.0674371755666165
        ],
        "sink": [],
        "beverages": [
            -0.4073507785797119,
            0.00488473242148757,
            0.0,
            0.0,
            0.0,
            0.999995499149652,
            0.0030002800599741152
        ]

    },
    "bedroom": {
        "safe_place": [],
        "bed": []
    },  
    "entrance": {
        "safe_place": [

            -3.8642914295196533,
            -0.8767769932746887,
            0.0,
            0.0,
            0.0,
            0.999957575580662,
            0.00921124523855653
        ]
    }
}