{
    "living_room": {
        "safe_place": [],
        "couches": [
            3.491515874862671,
            0.1571127325296402,
            0.0,
            0.0,
            0.0,
            0.014520565177798338,
            0.9998945710358255
        ],
        "desk": []
    },
    "dinning_room": {
        "safe_place": [],
        "entrance": [],
        "table": []
    },
    "kitchen": {
        "safe_place": [],
        "table": [
            3.192195415496826,
            0.5922515988349915,
            0.0,
            0.0,
            0.0,
            0.9803726814711898,
            0.19715325365052733
        ],
        "shelve": [
            3.063077211380005,
            2.318700075149536,
            0.0,
            0.0,
            0.0,
            0.9999949211560363,
            0.0031871087419256777
        ],
        "sink": [],
        "beverages": [
            3.192195415496826,
            0.5922515988349915,
            0.0,
            0.0,
            0.0,
            0.9803726814711898,
            0.19715325365052733
        ]

    },
    "bedroom": {
        "safe_place": [],
        "bed": []
    },  
    "entrance": {
        "safe_place": [
            -0.13156387209892273,
            0.09472523629665375,
            0.0,
            0.0,
            0.0,
            -0.999746924020976,
            0.022496397724902046
        ]
    }
}
