{
    "inspection_point": {
        "safe_place": [
	-4.266928195953369,
        4.7246551513671875,
        0.0,
	0.0,
	0.0,
	0.5093509868969546,
	0.8605588719820966
	]
    },
    "exit": {
	"safe_place": [
	-7.639276504516602,
	-1.00968599319458,
	0.0,
	0.0,
	0.0,
	-0.6078894859604278,
	0.794021645082026
	]
    },
    "living_room": {
        "safe_place": [
            4.616054058074951,
            -0.6653316617012024,
            0.0,
            0.0,
            0.0,
            0.2972295252389086,
            0.9548060584884519
        ],
        "couches": [
            -1.926856517791748,
            3.3106234073638916,
            0.0,
            0.0,
            0.0,
           0.07667295408604831,
            0.9970562963603001
    ],
        "desk": [],
        "polygon":[
            [7.0009260177612305, -1.2181727886199951],
            [3.795368194580078, -1.116289734840393],
            [3.8675217628479004, 2.240265130996704],
            [7.069365501403809, 2.213679075241089]
    ]
        
    },
    "dinning_room": {
        "safe_place": [],
        "entrance": [],
        "table": [],
        "polygon":[]
    },
    "kitchen": {
        "safe_place": [
            6.412393569946289,
            -1.7798352241516113,
            0.0,
            0.0,
            0.0,
            -0.7185650122106573,
            0.6954597926743845
        ],
        "table": [
            -2.6832892894744873,
             2.0250866413116455,
            0.0,
            0.0,
            0.0,
            -0.9895173218419071,
            0.14441422982109456
        ],
        "shelve": [
            -2.247117042541504,
            1.4849809408187866,
            0.0,
            0.0,
            0.0,
            -0.590878638580317,
            0.8067604566843067
        ],
        "sink": [],
        "beverages": [
            -4.453360557556152,
            6.673649787902832,
            0.0,
            0.0,
            0.0,
            -0.9819777377224783,
            0.1889966206508564           
        ],
        "polygon":[
            [6.850769996643066, -4.377135753631592],
            [4.67907190322876, -4.332056045532227],
            [4.650593280792236, -1.3544471263885498],
            [6.869881629943848, -1.371152639389038]
        ] 
    },
    "bedroom": {
        "safe_place": [  
        3.258049726486206,
        -1.5615190267562866,
        0.0,
        0.0,
        0.0,
        -0.6982116095951207,
        0.7158914360617752
    ],
        "bed": [ 
        3.1535658836364746,
        -2.3062944412231445,
        0.0,
        0.0,
        0.0,
        -0.7151278705446886,
        0.6989936543132699
    ],
        "polygon":[
            [4.3446364402771, -4.1031813621521],
            [0.7158923149108887, -4.135106563568115],
            [0.8090150356292725, -1.343214750289917],
            [4.403831481933594, -1.3905080556869507]
          ]
    },  
    "entrance": {
        "safe_place": [
            -1.0217353105545044,
            2.2191953659057617,
            0.0,
            0.0,
            0.0,
            -0.47658160683840883,
            0.8791302360989072
        ]
    },
    "start_area": {
        
         "safe_place": [
            -0.5505908727645874,
            1.689135193824768,
            0.0,
            0.0,
            0.0,
            -0.49848542074791724,
             0.8668980824190188
        ]
    }
}
