{
    "living_room": {
        "safe_place": [
             -0.2790748178958893,
            -1.6446506977081299,
            0.0,
            0.0,
            0.0,
            0.7017538939306165,
            0.712419449729734
        ],
        "couches": [
            -0.2790748178958893,
            -1.6446506977081299,
            0.0,
            0.0,
            0.0,
            0.7017538939306165,
            0.712419449729734
    ],
        "desk": [],
        "polygon":[]
        
    },
    "dinning_room": {
        "safe_place": [],
        "entrance": [],
        "table": [],
        "polygon":[]
    },
    "kitchen": {
        "safe_place": [
            1.7321484088897705,
            0.6335359811782837,
            0.0,
            0.0,
            0.0,
            0.999999890423227,
            0.0004681383705549456  
        ],
        "table": [
            6.390844345092773,
            -2.9261536598205566,
            0.0,
            0.0,
            0.0,
            -0.6930497042562006,
            0.7208898025568075
        ],
        "shelve": [
            6.412393569946289,
            -1.7798352241516113,
            0.0,
            0.0,
            0.0,
            -0.7185650122106573,
            0.6954597926743845
        ],
        "sink": [],
        "beverages": [
            1.7321484088897705,
            0.6335359811782837,
            0.0,
            0.0,
            0.0,
            0.999999890423227,
            0.0004681383705549456           
        ],
        "polygon":[]
    },
    "bedroom": {
        "safe_place": [  
        3.258049726486206,
        -1.5615190267562866,
        0.0,
        0.0,
        0.0,
        -0.6982116095951207,
        0.7158914360617752
    ],
        "bed": [ 
        3.1535658836364746,
        -2.3062944412231445,
        0.0,
        0.0,
        0.0,
        -0.7151278705446886,
        0.6989936543132699
    ],
        "polygon":[
            [4.3446364402771, -4.1031813621521],
            [0.7158923149108887, -4.135106563568115],
            [0.8090150356292725, -1.343214750289917],
            [4.403831481933594, -1.3905080556869507]
          ]
    },  
    "entrance": {
        "safe_place": [
            3.166903495788574,
            1.3776652812957764,
            0.0,
            0.0,
            0.0,
            -0.014615695680065753,
            0.9998931850151733
        ]
    },
    "start_area": {
        "safe_place": [
            3.166903495788574,
            1.3776652812957764,
            0.0,
            0.0,
            0.0,
            -0.014615695680065753,
            0.9998931850151733
        ]
    }
}