{
    "living_room": {
        "safe_place": [
            4.616054058074951,
            -0.6653316617012024,
            0.0,
            0.0,
            0.0,
            0.2972295252389086,
            0.9548060584884519
        ],
        "couches": [
            -3.5551726818084717,
            -1.325281023979187,
            0.0,
            0.0,
            0.0,
            0.07252020281745863,
            0.997366943598651
        ],

        "desk": [],
        "polygon":[
            [7.0009260177612305, -1.2181727886199951],
            [3.795368194580078, -1.116289734840393],
            [3.8675217628479004, 2.240265130996704],
            [7.069365501403809, 2.213679075241089]
    ]
        
    },
    "dinning_room": {
        "safe_place": [],
        "entrance": [],
        "table": [],
        "polygon":[]
    },
    "kitchen": {
        "safe_place": [
            6.412393569946289,
            -1.7798352241516113,
            0.0,
            0.0,
            0.0,
            -0.7185650122106573,
            0.6954597926743845
        ],
        "table": [
            -0.06781434267759323,
            0.13476312160491943,
            0.0,
            0.0,
            0.0,
            0.8398277209445699,
            0.542853017982814
        ],
        "shelve": [
            6.412393569946289,
            -1.7798352241516113,
            0.0,
            0.0,
            0.0,
            -0.7185650122106573,
            0.6954597926743845
        ],
        "sink": [],
        "beverages": [
            -0.03312301263213158,
            -0.34844809770584106,
            0.0,
            0.0,
            0.0,
            -0.727712934932125,
            0.6858818297144724
        ],
        "polygon":[
            [6.850769996643066, -4.377135753631592],
            [4.67907190322876, -4.332056045532227],
            [4.650593280792236, -1.3544471263885498],
            [6.869881629943848, -1.371152639389038]
        ] 
    },
    "bedroom": {
        "safe_place": [  
        3.258049726486206,
        -1.5615190267562866,
        0.0,
        0.0,
        0.0,
        -0.6982116095951207,
        0.7158914360617752
    ],
        "bed": [ 
        3.1535658836364746,
        -2.3062944412231445,
        0.0,
        0.0,
        0.0,
        -0.7151278705446886,
        0.6989936543132699
    ],
        "polygon":[
            [4.3446364402771, -4.1031813621521],
            [0.7158923149108887, -4.135106563568115],
            [0.8090150356292725, -1.343214750289917],
            [4.403831481933594, -1.3905080556869507]
          ]
    },  
    "entrance": {
        "safe_place": [
            0.30975139141082764,
            -0.01608326844871044,
            0.0,
            0.0,
            0.0,
            0.117530190454139,
            0.9930693099335081
        ]
    },
    "start_area": {
        "safe_place": [
            -1.276208758354187,
            0.24795551598072052,
            0.0,
            0.0,
            0.0,
            -0.9646997700548704,
            0.26335214762002634
        ]
    }
}