{
    "living_room": {
        "safe_place": [
            -3.6117360591888428,
            3.390836000442505,
            0.0,
            0.0,
            0.0,
            -0.20691212358472846,
            0.9783595316209978
        ],
        "sofa": [
            -1.8289295434951782,
            3.221496820449829,
            0.0,
            0.0,
            0.0,
            0.08072802958666185,
            0.9967361663143638
        ],
        "seats": [
            -1.6661523580551147,
            3.2690184116363525,
            0.0,
            0.0,
            0.0,
            0.7905386249736928,
            0.6124121834391467
        ],
        "tv_stand": [
            -3.1928539276123047,
            2.056403398513794,
            0.0,
            0.0,
            0.0,
            -0.9924852463214995,
            0.12236435687794343
        ],
        "cabinet": [
            -2.326446533203125,
            1.525261640548706,
            0.0,
            0.0,
            0.0,
            -0.621088125365442,
            0.7837407355305969
        ],
        "house_entry": [
            -0.5272586941719055,
            1.5736368894577026,
            0.0,
            0.0,
            0.0,
            0.9457318971848728,
            0.3249479629834615
        ],
        "polygon": [
            [
                -4.657101154327393,
                3.787609577178955
            ],
            [
                -0.39688563346862793,
                4.738425254821777
            ],
            [
                0.4260135591030121,
                1.4973994493484497
            ],
            [
                -3.9203360080718994,
                0.6920766234397888
            ]
        ]
    },
    "office": {
        "safe_place": [
            -4.007221698760986,
            4.548242092132568,
            0.0,
            0.0,
            0.0,
            0.47891632011825713,
            0.8778605574488394
        ],
        "trash_bin": [
            -0.8895320296287537,
            6.716623783111572,
            0.0,
            0.0,
            0.0,
            0.7795031513910453,
            0.6263983053708152
        ],
        "desk": [
            -3.246967315673828,
            7.011037826538086,
            0.0,
            0.0,
            0.0,
            0.11757142207603222,
            0.9930644292849379
        ],
        "bar": [
            -4.561960220336914,
            6.539849758148193,
            0.0,
            0.0,
            0.0,
            -0.9898042717132373,
            0.14243420831467457
        ],
        "polygon": [
            [
                -4.585038185119629,
                4.167845726013184
            ],
            [
                -5.4328508377075195,
                7.533563613891602
            ],
            [
                -1.2121275663375854,
                8.612960815429688
            ],
            [
                -0.3703951835632324,
                5.193310737609863
            ]
        ]
    },
    "kitchen": {
        "safe_place": [
            -5.545558929443359,
            3.2301278114318848,
            0.0,
            0.0,
            0.0,
            -0.8957123955942993,
            0.44463389926851216
        ],
        "table": [
            -7.459855079650879,
            2.1161949634552,
            0.0,
            0.0,
            0.0,
            -0.9812491635900462,
            0.19274355748982858
        ],
        "dishwasher": [
            -5.688082218170166,
            1.937742829322815,
            0.0,
            0.0,
            0.0,
            0.09050830726848898,
            0.9958957005205881
        ],
        "sink": [
            -5.092187881469727,
            1.2848501205444336,
            0.0,
            0.0,
            0.0,
            0.11370353557232281,
            0.9935147235941466
        ],
        "microwave": [
            -5.037353992462158,
            0.8325979709625244,
            0.0,
            0.0,
            0.0,
            0.12175481852355075,
            0.9925602068218821
        ],
        "waste_basket": [
            -5.0051116943359375,
            0.594182014465332,
            0.0,
            0.0,
            0.0,
            -0.5776927697599334,
            0.8162542886668936
        ],
        "shelf": [
            -6.0609941482543945,
            0.5125793218612671,
            0.0,
            0.0,
            0.0,
            -0.5951500625783182,
            0.8036145861126613
        ],
        "refrigerator": [
            -7.116636276245117,
            0.43215298652648926,
            0.0,
            0.0,
            0.0,
            -0.5800458972215548,
            0.8145837937968331
        ],
        "polygon": [
            [
                -9.244938850402832,
                2.4939939975738525
            ],
            [
                -5.493946552276611,
                3.366507053375244
            ],
            [
                -4.5867390632629395,
                0.13571882247924805
            ],
            [
                -8.371367454528809,
                -0.6951732635498047
            ]
        ]
    },
    "bedroom": {
        "safe_place": [
            -5.300847053527832,
            4.358700275421143,
            0.0,
            0.0,
            0.0,
            0.989310153763765,
            0.1458266767773156
        ],
        "bed": [
            -8.085867881774902,
            4.710819721221924,
            0.0,
            0.0,
            0.0,
            0.7898765131375532,
            0.6132659243702202
        ],
        "bedside_table": [
            -7.371477127075195,
            6.424101829528809,
            0.0,
            0.0,
            0.0,
            0.7710597592432485,
            0.6367627876028432
        ],
        "side_table": [
            -7.3512749671936035,
            4.166134834289551,
            0.0,
            0.0,
            0.0,
            -0.6229240832956977,
            0.7822822933252515
        ],
        "polygon": [
            [
                -9.44536304473877,
                3.035425901412964
            ],
            [
                -10.361848831176758,
                6.421788215637207
            ],
            [
                -6.024228572845459,
                7.395071983337402
            ],
            [
                -5.087499141693115,
                4.157501220703125
            ]
        ]
    },
    "entrance": {
        "safe_place": [
            -1.0217353105545044,
            2.2191953659057617,
            0.0,
            0.0,
            0.0,
            -0.47658160683840883,
            0.8791302360989072
        ]
    },
    "start_area": {
        "safe_place": [
            -4.515261173248291,
            5.198590278625488,
            0.0,
            0.0,
            0.0,
            0.6036301712721207,
            0.7972644582132018
        ]
    }
}
