{
    "kitchen": {
        "safe_place": [
            -1.32350754737854,
            1.1819854974746704,
            0.0,
            0.0,
            0.0,
            -0.8910559760738901,
            0.4538934318791219
        ],
        "table": [
            -2.097118377685547,
            1.3798916339874268,
            0.0,
            0.0,
            0.0,
            -0.9995400481706951,
            0.03032642581849478
        ],
        "dishwasher": [
            -1.715872883796692,
            0.1603916585445404,
            0.0,
            0.0,
            0.0,
            -0.7205427612556878,
            0.6934105055463387
        ]
    },
    "start_area": {
        "safe_place": [
            -1.449141502380371,
            2.62148118019104,
            0.0,
            0.0,
            0.0,
            -0.7492873840734329,
            0.6622449819125789
        ]
    }
}