{
    "inspection_point": {
        "safe_place": [
        -5.3636956214904785,
        3.573890209197998,
        0.0,
        0.0,
        0.0,
        0.7109673460822352,
        0.7032250228801469
	]
    },
    "exit": {
        "safe_place": [
        -7.808931350708008,
        1.4150958061218262,
        0.0,
        0.0,
        0.0,
        -0.7121740563348994,
        0.7020029298254357
        ]
    },
    "living_room": {
        "safe_place": [
            4.616054058074951,
            -0.6653316617012024,
            0.0,
            0.0,
            0.0,
            0.2972295252389086,
            0.9548060584884519
        ],
        "couches": [
            -6.262065410614014,
             2.9781947135925293,
            0.0,
            0.0,
            0.0,
            -0.02607890214161783,
            0.9996598875933194
    ],
        "desk": [],
        "polygon":[
            [7.0009260177612305, -1.2181727886199951],
            [3.795368194580078, -1.116289734840393],
            [3.8675217628479004, 2.240265130996704],
            [7.069365501403809, 2.213679075241089]
    ],
        "table": [
            -2.0146892070770264,
            2.1915934085845947,
            0.0,
            0.0,
            0.0,
            -0.9995635302001225,
            0.02954232715730151
        ],
        "shelve": [
            -1.8907077312469482,
            1.6575582027435303,
            0.0,
            0.0,
            0.0,
            -0.7078826448379794,
            0.7063300652932644
        ]
    },
    "dinning_room": {
        "safe_place": [],
        "entrance": [],
        "table": [],
        "polygon":[]
    },
    "kitchen": {
        "safe_place": [
            6.412393569946289,
            -1.7798352241516113,
            0.0,
            0.0,
            0.0,
            -0.7185650122106573,
            0.6954597926743845
        ],
        "table": [
            -6.10633659362793,
             3.2040727138519287,
            0.0,
            0.0,
            0.0,
            -0.993884865228207,
            0.11042135060896859
        ],
        "shelve": [
            -1.8907077312469482,
            1.6575582027435303,
            0.0,
            0.0,
            0.0,
            -0.7078826448379794,
            0.7063300652932644
        ],
        "sink": [],
        "beverages": [
            -6.878735065460205,
            3.107600688934326,
            0.0,
            0.0,
            0.0,
            -0.9985983947542877,
            0.05292679844993441           
        ],
        "polygon":[
            [6.850769996643066, -4.377135753631592],
            [4.67907190322876, -4.332056045532227],
            [4.650593280792236, -1.3544471263885498],
            [6.869881629943848, -1.371152639389038]
        ] 
    },
    "bedroom": {
        "safe_place": [  
        3.258049726486206,
        -1.5615190267562866,
        0.0,
        0.0,
        0.0,
        -0.6982116095951207,
        0.7158914360617752
    ],
        "bed": [ 
        3.1535658836364746,
        -2.3062944412231445,
        0.0,
        0.0,
        0.0,
        -0.7151278705446886,
        0.6989936543132699
    ],
        "polygon":[
            [4.3446364402771, -4.1031813621521],
            [0.7158923149108887, -4.135106563568115],
            [0.8090150356292725, -1.343214750289917],
            [4.403831481933594, -1.3905080556869507]
          ]
    },  
    "entrance": {
        "safe_place": [
            -7.686025142669678,
            1.2633073329925537,
            0.0,
            0.0,
            0.0,
            -0.7689461810634081,
            0.6393135151300968
        ]
    },
    "start_area": {
        
         "safe_place": [
            -0.5505908727645874,
            1.689135193824768,
            0.0,
            0.0,
            0.0,
            -0.49848542074791724,
             0.8668980824190188
        ]
    }
}