{
    "living_room": {
        "safe_place": [
            2.0902621746063232,
            -1.7220550775527954,
            0.0,
            0.0,
            0.0,
            -0.28411320682137103,
            0.9587907413558376
        ],
        "couches": [
            1.2092714309692383,
            -1.704878330230713,
            0.0,
            0.0,
            0.0,
            -0.5600156092489461,
            0.8284820561711229
        ],
        "desk": [],
        "polygon":[]
        
    },
    "dinning_room": {
        "safe_place": [],
        "entrance": [],
        "table": [],
        "polygon":[]
    },
    "kitchen": {
        "safe_place": [
            -1.3327462673187256,
            0.4181535243988037,
            0.0,
            0.0,
            0.0,
            0.2646716673162271,
            0.9643385860371079
        ],
        "table": [
            -0.17000487446784973,
            1.461013913154602,
            0.0,
            0.0,
            0.0,
            -0.16194538766625008,
            0.9867997220376726
        ],
        "shelve": [
            0.11667906492948532,
            -0.08586250990629196,
            0.0,
            0.0,
            0.0,
            0.01979000882397445,
            0.9998041585984462
        ],
        "sink": [],
        "beverages": [
            0.4444715976715088,
            -0.0763477310538292,
            0.0,
            0.0,
            0.0,
            -0.5703093011201196,
            0.8214300341817803
        ],
        "polygon":[]

    },
    "bedroom": {
        "safe_place": [],
        "bed": [],
        "polygon":[]
    },  
    "entrance": {
        "safe_place": [
            -0.10353690385818481,
            1.6954642534255981,
            0.0,
            0.0,
            0.0,
            0.8400029706942468,
            0.542581799570203
        ]
    },
    "start_area": {
        "safe_place": [
            -0.20614898204803467,
            2.2459628582000732,
            0.0,
            0.0,
            0.0,
            -0.9959002171419062,
            0.09045859548270685
        ]
    }
}