{
    "living_room": {
        "safe_place": [
            -0.46700021624565125,
            -0.48639050126075745,
            0.0,
            0.0,
            0.0,
            0.4091112083187312,
            0.9124845309527103
        ]
    },
    "kitchen": {
        "safe_place": [
            0.3424520194530487,
            2.0562145709991455,
            0.0,
            0.0,
            0.0,
            0.42339113235474074,
            0.905946990194995
        ],
        "table": [
            0.11364170908927917,
            0.03296749293804169,
            0.0,
            0.0,
            0.0,
            -0.0776965468201754,
            0.9969770542054718
        ],
        "beverages": [
            -1.4164878129959106,
            1.3672806024551392,
            0.0,
            0.0,
            0.0,
            0.998199003432606,
            0.05998957864622999
        ]
    },
    "entrance": {
        "safe_place": [
            0.3107762634754181,
            -5.061697006225586,
            0.0,
            0.0,
            0.0,
            0.41260485734535957,
            0.9109101117536327
        ]
    },
    "start_area": {
        "safe_place": [
            0.3107762634754181,
            -5.061697006225586,
            0.0,
            0.0,
            0.0,
            0.41260485734535957,
            0.9109101117536327
        ]
    },
    "zero_area": {
        "safe_place": [
            0.0,
            0.0,
            0.0,
            0.0,
            0.0,
            0.0,
            1.0
        ]
    }
}
