{
    "living_room": {
        "safe_place": [
            4.616054058074951,
            -0.6653316617012024,
            0.0,
            0.0,
            0.0,
            0.2972295252389086,
            0.9548060584884519
        ],
        "couches": [
            -3.4671249389648438,
            -1.3259066343307495,
            0.0,
            0.0,
            0.0,
            0.09731982177024529,
            0.9952531598998355
        ],
        "desk": [],
        "polygon":[
            [6.914939880371094, -4.342886447906494],
            []
    ]
        
    },
    "dinning_room": {
        "safe_place": [],
        "entrance": [],
        "table": [],
        "polygon":[]
    },
    "kitchen": {
        "safe_place": [
            6.412393569946289,
            -1.7798352241516113,
            0.0,
            0.0,
            0.0,
            -0.7185650122106573,
            0.6954597926743845
        ],
        "table": [
            6.390844345092773,
            -2.9261536598205566,
            0.0,
            0.0,
            0.0,
            -0.6930497042562006,
            0.7208898025568075
        ],
        "shelve": [
            6.412393569946289,
            -1.7798352241516113,
            0.0,
            0.0,
            0.0,
            -0.7185650122106573,
            0.6954597926743845
        ],
        "sink": [],
        "beverages": [
            2.3400306701660156,
            0.15947306156158447,
            0.0,
            0.0,
            0.0,
            0.7087462588621276,
            0.7054634934204165            
        ],
        "polygon":[]
    },
    "bedroom": {
        "safe_place": [  
        3.258049726486206,
        -1.5615190267562866,
        0.0,
        0.0,
        0.0,
        -0.6982116095951207,
        0.7158914360617752
    ],
        "bed": [ 
        3.1535658836364746,
        -2.3062944412231445,
        0.0,
        0.0,
        0.0,
        -0.7151278705446886,
        0.6989936543132699
    ],
        "polygon":[
            [4.3446364402771, -4.1031813621521],
            [0.7158923149108887, -4.135106563568115],
            [0.8090150356292725, -1.343214750289917],
            [4.403831481933594, -1.3905080556869507]
          ]
    },  
    "entrance": {
        "safe_place": [
            2.2527077198028564,
            0.04718797653913498,
            0.0,
            0.0,
            0.0,
            0.9999618008307696,
            0.00874053083538075
        ]
    },
    "start_area": {
        "safe_place": [
            
        ]
    }
}