{
    "living_room": {
        "safe_place": [
            -3.6117360591888428,
            3.390836000442505,
            0.0,
            0.0,
            0.0,
            -0.20691212358472846,
            0.9783595316209978
        ],
        "sofa": [
            -1.8289295434951782,
            3.221496820449829,
            0.0,
            0.0,
            0.0,
            0.08072802958666185,
            0.9967361663143638
        ],
        "seats": [
            -1.6661523580551147,
             3.2690184116363525,
             0.0,
             0.0,
             0.0,
             0.7905386249736928,
            0.6124121834391467
        ],
        "tv_stand": [
            -3.250241279602051,
            1.9173393249511719,
            0.0,
            0.0,
            0.0,
            -0.9903985791915254,
            0.13824129026961415
        ],
        "cabinet": [
            -2.326446533203125,
            1.525261640548706,
            0.0,
            0.0,
            0.0,
            -0.621088125365442,
            0.7837407355305969
        ],
    
        "polygon":[
            [-4.657101154327393, 3.787609577178955],
            [-0.39688563346862793, 4.738425254821777],
            [0.4260135591030121, 1.4973994493484497],
            [-3.9203360080718994, 0.6920766234397888]
    ]
        
    },
    "office": {
        "safe_place": [
            -4.007221698760986,
            4.548242092132568,
            0.0,
            0.0,
            0.0,
            0.47891632011825713,
            0.8778605574488394
        ],
        "trash_bin":[
            -0.8895320296287537,
            6.716623783111572,
            0.0,
            0.0,
            0.0,
            0.7795031513910453,
            0.6263983053708152
        ],
        "desk": [
            -2.9357035160064697,
            7.0657572746276855,
            0.0,
            0.0,
            0.0,
            0.11942796229231445,
            0.9928428686467489
        ],
        "bar": [
            -4.561960220336914,
            6.539849758148193,
            0.0,
            0.0,
            0.0,
            -0.9898042717132373,
            0.14243420831467457
        ],
        "polygon":[
            [-4.585038185119629, 4.167845726013184],
            [-5.4328508377075195, 7.533563613891602],
            [-1.2121275663375854, 8.612960815429688],
            [-0.3703951835632324,  5.193310737609863]
    ]
     },
    "kitchen": {
        "safe_place": [
            -5.080103874206543,
            4.032561302185059,
            0.0,
            0.0,
            0.0,
            -0.9822376726473939,
            0.18764102545080888
        ],
        "table": [
            -6.811428546905518,
            2.5440797805786133,
            0.0,
            0.0,
            0.0,
            0.9943380085964426,
            0.106263468136801
        ],
        "dishwasher": [
            -4.943141460418701,
             2.5130372047424316,
            0.0,
            0.0,
            0.0,
            0.04030614919475992,
             0.9991873769904671
        ],
        "sink": [
            -5.092187881469727,
            1.2848501205444336,
            0.0,
            0.0,
            0.0,
            0.11370353557232281,
            0.9935147235941466
        ],
        "microwave": [
            -5.037353992462158,
            0.8325979709625244,
            0.0,
            0.0,
            0.0,
            0.12175481852355075,
            0.9925602068218821
        ],

        "waste_basket": [   
            -4.855670928955078,
            1.4540036916732788,
            0.0,
            0.0,
            0.0,
            -0.6831115302936644,
             0.7303140674941487
        ],
        "shelf": [   
            -6.0609941482543945,
            0.5125793218612671,
            0.0,
            0.0,
            0.0,
            -0.5951500625783182,
            0.8036145861126613
        ],
        "refrigerator": [   
            -7.116636276245117,
            0.43215298652648926,
            0.0,
            0.0,
            0.0,
            -0.5800458972215548,
            0.8145837937968331
        ],

        "polygon":[
            [-9.244938850402832, 2.4939939975738525],
            [-5.493946552276611, 3.366507053375244],
            [-4.5867390632629395, 0.13571882247924805],
            [-8.371367454528809, -0.6951732635498047]
        ] 
    },
    "bedroom": {
        "safe_place": [
            -5.300847053527832,
            4.358700275421143,
            0.0,
            0.0,
            0.0,
            0.989310153763765,
            0.1458266767773156
        ],
        "bed": [
            -8.123747825622559,
            4.749581813812256,
            0.0,
            0.0,
            0.0,
            0.7916185852870881,
            0.6110155607086201
            
        ],
        "bedside_table": [
            -7.371477127075195,
            6.424101829528809,
            0.0,
            0.0,
            0.0,
            0.7710597592432485,
            0.6367627876028432
        
        ],
        "side_table": [
            -7.3512749671936035,
            4.166134834289551,
            0.0,
            0.0,
            0.0,
            -0.6229240832956977,
            0.7822822933252515
        ],
        "polygon":[
            [-9.44536304473877,  3.035425901412964],
            [-10.361848831176758, 6.421788215637207],
            [-6.024228572845459, 7.395071983337402],
            [-5.087499141693115, 4.157501220703125]
          ]
    },  
    "entrance": {
        "safe_place": [
            -1.0217353105545044,
            2.2191953659057617,
            0.0,
            0.0,
            0.0,
            -0.47658160683840883,
            0.8791302360989072
        ]
    },
    "start_area": {
         "safe_place": [
            -4.515261173248291,
            5.198590278625488,
            0.0,
            0.0,
            0.0,
            0.6036301712721207,
            0.7972644582132018
        ]
    }
}
