{
    "living_room": {
        "safe_place": [
        ],
        "sofa": [
        ],
        "seats": [

        ],
        "tv_stand": [
        
        ],
        "cabinet": [
        ],
    
        "polygon":[
            [7.0009260177612305, -1.2181727886199951],
            [3.795368194580078, -1.116289734840393],
            [3.8675217628479004, 2.240265130996704],
            [7.069365501403809, 2.213679075241089]
    ]
        
    },
    "office": {
        "safe_place": [],
        "trash_bin":[

        ],
        "desk": [

        ],
        "bar": [

        ]
     },
    "kitchen": {
        "safe_place": [
        ],
        "table": [
            
        ],
        "dishwasher": [

        ],
        "sink": [
            
        ],
        "microwave": [

        ],

        "waste_basket": [   
        ],
        "shelf": [   
        ],
        "refrigerator": [   
        ],

        "polygon":[
            [6.850769996643066, -4.377135753631592],
            [4.67907190322876, -4.332056045532227],
            [4.650593280792236, -1.3544471263885498],
            [6.869881629943848, -1.371152639389038]
        ] 
    },
    "bedroom": {
        "safe_place": [

        ],
        "bed": [
            
        ],
        "bedside_table": [
        
        ],
        "side_table": [

        ],
        "polygon":[
            [4.3446364402771, -4.1031813621521],
            [0.7158923149108887, -4.135106563568115],
            [0.8090150356292725, -1.343214750289917],
            [4.403831481933594, -1.3905080556869507]
          ]
    },  
    "entrance": {
        "safe_place": [
            -1.0217353105545044,
            2.2191953659057617,
            0.0,
            0.0,
            0.0,
            -0.47658160683840883,
            0.8791302360989072
        ]
    },
    "start_area": {
         "safe_place": [
        
        ]
    }
}
