{
    "living_room": {
        "safe_place": [
            2.0902621746063232,
            -1.7220550775527954,
            0.0,
            0.0,
            0.0,
            -0.28411320682137103,
            0.9587907413558376
        ],
        "couches": [
            -3.5551726818084717,
            -1.325281023979187,
            0.0,
            0.0,
            0.0,
            0.07252020281745863,
            0.997366943598651
        ],
        "desk": [],
        "polygon":[]
        
    },
    "dinning_room": {
        "safe_place": [],
        "entrance": [],
        "table": [],
        "polygon":[]
    },
    "kitchen": {
        "safe_place": [
            -1.3327462673187256,
            0.4181535243988037,
            0.0,
            0.0,
            0.0,
            0.2646716673162271,
            0.9643385860371079
        ],
        "table": [
            -0.17000487446784973,
            1.461013913154602,
            0.0,
            0.0,
            0.0,
            -0.16194538766625008,
            0.9867997220376726
        ],
        "shelve": [
            0.11667906492948532,
            -0.08586250990629196,
            0.0,
            0.0,
            0.0,
            0.01979000882397445,
            0.9998041585984462
        ],
        "sink": [],
        "beverages": [
            -0.03312301263213158,
            -0.34844809770584106,
            0.0,
            0.0,
            0.0,
            -0.727712934932125,
            0.6858818297144724
        ],
        "polygon":[]

    },
    "bedroom": {
        "safe_place": [],
        "bed": [],
        "polygon":[]
    },  
    "entrance": {
        "safe_place": [
            0.30975139141082764,
            -0.01608326844871044,
            0.0,
            0.0,
            0.0,
            0.117530190454139,
            0.9930693099335081
        ]
    },
    "start_area": {
        "safe_place": [
            -0.20614898204803467,
            2.2459628582000732,
            0.0,
            0.0,
            0.0,
            -0.9959002171419062,
            0.09045859548270685
        ]
    }
}