{
    "living_room": {
        "safe_place": [
            2.2569100856781006,
            -1.6934722661972046,
            0.0,
            0.0,
            0.0,
            -0.2871728472972167,
            0.9578787792696993
        ],
        "couches": [],
        "desk": [],
        "polygon":[]
        
    },
    "dinning_room": {
        "safe_place": [],
        "entrance": [],
        "table": [],
        "polygon":[]
    },
    "kitchen": {
        "safe_place": [
            -1.3327462673187256,
            0.4181535243988037,
            0.0,
            0.0,
            0.0,
            0.2646716673162271,
            0.9643385860371079
        ],
        "table": [
            -0.17000487446784973,
            1.461013913154602,
            0.0,
            0.0,
            0.0,
            -0.16194538766625008,
            0.9867997220376726
        ],
        "shelve": [
            0.11667906492948532,
            -0.08586250990629196,
            0.0,
            0.0,
            0.0,
            0.01979000882397445,
            0.9998041585984462
        ],
        "sink": [],
        "beverages": [
            1.3211969137191772,
            -0.5861526727676392,
            0.0,
            0.0,
            0.0,
            0.542745275687049,
            0.8398973542757407
        ],
        "polygon":[]

    },
    "bedroom": {
        "safe_place": [],
        "bed": [],
        "polygon":[]
    },  
    "entrance": {
        "safe_place": [
            -0.037689950317144394,
            -0.3179439306259155,
            0.0,
            0.0,
            0.0,
            0.960166852689938,
            0.27942729822889334
        ]
    },
    "start_area": {
        "safe_place": [
            -0.20614898204803467,
            2.2459628582000732,
            0.0,
            0.0,
            0.0,
            -0.9959002171419062,
            0.09045859548270685
        ]
    }
}