{
    "living_room": {
        "safe_place": [],
        "couches": [
            -2.694401741027832,
            0.008393734693527222,
            0.0,
            0.0,
            0.0,
            -0.9976083295415799,
	    0.06912033585898122
        ],
        "desk": []
    },
    "dinning_room": {
        "safe_place": [],
        "entrance": [],
        "table": []
    },
    "kitchen": {
        "safe_place": [],
        "pre_small_table": [],
        "small_table": [],
        "shelve": [],
        "sink": [],
        "beverages": [
            -3.724292755126953,
             0.5414600968360901,
            0.0,
            0.0,
            0.0,
             0.29994259223481246,
            0.9539572534256768
        ]

    },
    "bedroom": {
        "safe_place": [],
        "bed": []
    },  
    "entrance": {
        "safe_place": [
            0.5900723934173584,
            0.026401042938232422,
            0.0,
            0.0,
            0.0,
            0.06796974466301547,
            0.9976873828060794
        ]
    }
}
