{
    "living_room": {
        "safe_place": [
            4.616054058074951,
            -0.6653316617012024,
            0.0,
            0.0,
            0.0,
            0.2972295252389086,
            0.9548060584884519
        ],
        "couches": [
            -1.3719291687011719,
            3.1725144386291504,
            0.0,
            0.0,
            0.0,
            0.021258868587468595,
            0.9997740047162562
    ],
        "desk": [],
        "polygon":[
            [7.0009260177612305, -1.2181727886199951],
            [3.795368194580078, -1.116289734840393],
            [3.8675217628479004, 2.240265130996704],
            [7.069365501403809, 2.213679075241089]
    ]
        
    },
    "dinning_room": {
        "safe_place": [],
        "entrance": [],
        "table": [],
        "polygon":[]
    },
    "kitchen": {
        "safe_place": [
            6.412393569946289,
            -1.7798352241516113,
            0.0,
            0.0,
            0.0,
            -0.7185650122106573,
            0.6954597926743845
        ],
        "table": [
            -6.10633659362793,
             3.2040727138519287,
            0.0,
            0.0,
            0.0,
            -0.993884865228207,
            0.11042135060896859
        ],
        "shelve": [
            -5.7197065353393555,
            1.6168378591537476,
            0.0,
            0.0,
            0.0,
            -0.7352091332599565,
            0.6778403428323985
        ],
        "sink": [],
        "beverages": [
            -2.805403470993042,
            2.9729273319244385,
            0.0,
            0.0,
            0.0,
            -0.9993704200611008,
            0.03547905730003045           
        ],
        "polygon":[
            [6.850769996643066, -4.377135753631592],
            [4.67907190322876, -4.332056045532227],
            [4.650593280792236, -1.3544471263885498],
            [6.869881629943848, -1.371152639389038]
        ] 
    },
    "bedroom": {
        "safe_place": [  
        3.258049726486206,
        -1.5615190267562866,
        0.0,
        0.0,
        0.0,
        -0.6982116095951207,
        0.7158914360617752
    ],
        "bed": [ 
        3.1535658836364746,
        -2.3062944412231445,
        0.0,
        0.0,
        0.0,
        -0.7151278705446886,
        0.6989936543132699
    ],
        "polygon":[
            [4.3446364402771, -4.1031813621521],
            [0.7158923149108887, -4.135106563568115],
            [0.8090150356292725, -1.343214750289917],
            [4.403831481933594, -1.3905080556869507]
          ]
    },  
    "entrance": {
        "safe_place": [
            -0.47626492381095886,
            1.4779878854751587,
            0.0,
            0.0,
            0.0,
            -0.48225172760844187,
            0.8760326884418601
        ]
    },
    "start_area": {
        
         "safe_place": [
            -0.5505908727645874,
            1.689135193824768,
            0.0,
            0.0,
            0.0,
            -0.49848542074791724,
             0.8668980824190188
        ]
    }
}