{
    "living_room": {
        "safe_place": [],
        "couches": [
                -0.1972646266222,
                -0.885478138923645,
                0.0,
                0.0,
                0.0,
                0.053026016753127916,
                0.9985931311336449
        ],
        "desk": [],
        "polygon":[]
        
    },
    "dinning_room": {
        "safe_place": [],
        "entrance": [],
        "table": [],
        "polygon":[]
    },
    "kitchen": {
        "safe_place": [],
        "table": [
            -0.238862082362175,
            1.405226469039917,
            0.0,
            0.0,
            0.0,
            -0.011014739203380695,
            0.9999393359200754
        ],
        "shelve": [
            0.14636483788490295,
            -0.08245589584112167,
            0.0,
            0.0,
            0.0,
            -0.023485698660784694,
            0.9997241729389236
        ],
        "sink": [],
        "beverages": [
            -0.4073507785797119,
            0.00488473242148757,
            0.0,
            0.0,
            0.0,
            0.999995499149652,
            0.0030002800599741152
        ],
        "polygon":[]

    },
    "bedroom": {
        "safe_place": [],
        "bed": [],
        "polygon":[]
    },  
    "entrance": {
        "safe_place": [

            -0.4180278480052948,
            1.5261873006820679,
            0.0,
            0.0,
            0.0,
            0.7146746164529,
            0.6994570698748425
        ]
    }
}