{
    "living_room": {
        "couches": [
            1.3553376197814941,
            0.3484782576560974,
            0.0,
            0.0,
            0.0,
            -0.13173193374420716,
            0.9912853764844974
        ],
        "tv": [
            1.3648446798324585,
            0.2768779397010803,
            0.0,
            0.0,
            0.0,
            0.6927729283666392,
            0.7211557874151129
        ]
    },
    "kitchen": {
        "table": [
            -1.1909844875335693,
            -0.8108115792274475,
            0.0,
            0.0,
            0.0,
            -0.949949702140316,
            0.31240288635594415
        ],
        "shelve": [
            -0.8904163241386414,
            -2.349043130874634,
            0.0,
            0.0,
            0.0,
            -0.4395253101020707,
            0.8982302053369607
        ]
    },
    "entrance": {
        "safe_place": [
            0.2385053038597107,
            0.8929566740989685,
            0.0,
            0.0,
            0.0,
            0.8882321259700816,
            0.45939491768484897
        ]
    },
    "start_area": {
        "safe_place": [
            0.7291460037231445,
            -1.617209553718567,
            0.0,
            0.0,
            0.0,
            -0.7795244883409371,
            0.6263717522979465
        ]
    }
}