{
    "living_room": {
        "safe_place": [],
        "couches": [
            1.8033608198165894,
            -0.5251712203025818,
            0.0,
            0.0,
            0.0,
            -0.17928579807716594,
            0.9837970332379712
        ],
        "desk": []
    },
    "dinning_room": {
        "safe_place": [],
        "entrance": [],
        "table": []
    },
    "kitchen": {
        "safe_place": [],
        "pre_small_table": [],
        "small_table": [],
        "shelve": [],
        "sink": [],
        "beverages": [
            1.4114629030227661,
            0.9380579590797424,
            0.0,
            0.0,
            0.0,
            0.04121639773891929,
            0.9991502432354341
        ]

    },
    "bedroom": {
        "safe_place": [],
        "bed": []
    },  
    "entrance": {
        "safe_place": [
            -1.3170040845870972,
            0.6669539213180542,
            0.0,
            0.0,
            0.0,
            0.9841357863147077,
            0.177416893487436
        ]
    }
}