{
    "living_room": {
        "couches": [
            -0.5872119665145874,
             -0.506159365177154,
            0.0,
            0.0,
            0.0,
             -0.925153941708298,
            0.3795921286612766
    ]
    },
    "kitchen": {
        "beverages": [
            0.8810388445854187,
            -1.0731756687164307,
            0.0,
            0.0,
            0.0,
            -0.37404687559899474,
            0.9274097987700098         
        ]
    },
    "entrance": {
        "safe_place": [
            -0.609198808670044,
             2.2561819553375244,
            0.0,
            0.0,
            0.0,
            0.9436938331066522,
            0.3308201163116806
        ]
    }
}