{
    "living_room": {
        "safe_place": [],
        "couches": [
            -3.385765790939331,
            0.05075399577617645,
            0.0,
            0.0,
            0.0,
            0.9999035666633779,
            0.013887309813491457
        ],
        "desk": []
    },
    "dinning_room": {
        "safe_place": [],
        "entrance": [],
        "table": []
    },
    "kitchen": {
        "safe_place": [],
        "pre_small_table": [],
        "small_table": [],
        "shelve": [],
        "sink": [],
        "beverages": [
            -4.340867042541504,
            0.7463201880455017,
            0.0,
            0.0,
            0.0,
            0.988543086644476,
            0.1509389474171987
        ]

    },
    "bedroom": {
        "safe_place": [],
        "bed": []
    },  
    "entrance": {
        "safe_place": [
            0.5900723934173584,
            0.026401042938232422,
            0.0,
            0.0,
            0.0,
            0.06796974466301547,
            0.9976873828060794
        ]
    }
}