{
    "living_room": {
        "safe_place": [
            -0.2790748178958893,
            -1.6446506977081299,
            0.0,
            0.0,
            0.0,
            0.7017538939306165,
            0.712419449729734
        ],
        "couches": [
            -0.935049295425415,
            0.28423094749450684,
            0.0,
            0.0,
            0.0,
            -0.1275204988302093,
            0.9918359352121169
        ],
        "desk": [],
        "polygon": []
    },
    "dinning_room": {
        "safe_place": [],
        "entrance": [],
        "table": [],
        "polygon": []
    },
    "kitchen": {
        "safe_place": [
            -0.3993440866470337,
            -0.9083777070045471,
            0.0,
            0.0,
            0.0,
            0.36318502629712013,
            0.9317170368054671
        ],
        "table": [
            0.03968846797943115,
            1.5896649360656738,
            0.0,
            0.0,
            0.0,
            0.6213289887022035,
            0.7835497991820922
        ],
        "shelve": [
            -1.6082128286361694,
            2.4016733169555664,
            0.0,
            0.0,
            0.0,
            0.9993872498753233,
            0.035001782620860185
        ],
        "sink": [],
        "beverages": [
            0.858833372592926,
            -1.8169487714767456,
            0.0,
            0.0,
            0.0,
            0.61621320378399,
            0.7875793848763887
        ],
        "polygon": []
    },
    "bedroom": {
        "safe_place": [
            3.258049726486206,
            -1.5615190267562866,
            0.0,
            0.0,
            0.0,
            -0.6982116095951207,
            0.7158914360617752
        ],
        "bed": [
            3.1535658836364746,
            -2.3062944412231445,
            0.0,
            0.0,
            0.0,
            -0.7151278705446886,
            0.6989936543132699
        ],
        "polygon": [
            [
                4.3446364402771,
                -4.1031813621521
            ],
            [
                0.7158923149108887,
                -4.135106563568115
            ],
            [
                0.8090150356292725,
                -1.343214750289917
            ],
            [
                4.403831481933594,
                -1.3905080556869507
            ]
        ]
    },
    "entrance": {
        "safe_place": [
            1.4115679264068604,
            -3.337064266204834,
            0.0,
            0.0,
            0.0,
            -0.8051924903102059,
            0.59301353572077
        ]
    },
    "start_area": {
        "safe_place": [
            1.4115679264068604,
            -3.337064266204834,
            0.0,
            0.0,
            0.0,
            -0.8051924903102059,
            0.59301353572077
        ]
    }
}