{
    "living_room": {
        "couches": [
            1.3553376197814941,
            0.3484782576560974,
            0.0,
            0.0,
            0.0,
            -0.13173193374420716,
            0.9912853764844974
        ],
        "tv": [
            1.3648446798324585,
            0.2768779397010803,
            0.0,
            0.0,
            0.0,
            0.6927729283666392,
            0.7211557874151129
        ]
    },
    "kitchen": {
        "table": [
            0.42191168665885925,
            -0.17000576853752136,
            0.0,
            0.0,
            0.0,
            -0.14879105179332422,
            0.9888686580664979
        ],
        "shelve": [
            -1.3437391519546509,
            0.29537680745124817,
            0.0,
            0.0,
            0.0,
            0.709349936827041,
            0.7048564868989098
        ]
    },
    "entrance": {
        "safe_place": [
            0.2385053038597107,
            0.8929566740989685,
            0.0,
            0.0,
            0.0,
            0.8882321259700816,
            0.45939491768484897
        ]
    },
    "start_area": {
        "safe_place": [
            0.7291460037231445,
            -1.617209553718567,
            0.0,
            0.0,
            0.0,
            -0.7795244883409371,
            0.6263717522979465
        ]
    }
}