{
    "living_room": {
        "safe_place": [
            -0.15929825603961945,
            -0.909013032913208,
            0.0,
            0.0,
            0.0,
            0.7148356798454639,
            0.6992924644380729
        ],
        "couches": [],
        "desk": [],
        "polygon":[]
        
    },
    "dinning_room": {
        "safe_place": [],
        "entrance": [],
        "table": [],
        "polygon":[]
    },
    "kitchen": {
        "safe_place": [
            -1.3327462673187256,
            0.4181535243988037,
            0.0,
            0.0,
            0.0,
            0.2646716673162271,
            0.9643385860371079
        ],
        "table": [
            -0.17000487446784973,
            1.461013913154602,
            0.0,
            0.0,
            0.0,
            -0.16194538766625008,
            0.9867997220376726
        ],
        "shelve": [
            0.11667906492948532,
            -0.08586250990629196,
            0.0,
            0.0,
            0.0,
            0.01979000882397445,
            0.9998041585984462
        ],
        "sink": [],
        "beverages": [
            0.03203766420483589,
            0.5785368084907532,
            0.0,
            0.0,
            0.0,
            0.29149624471474234,
            0.9565719728892349
        ],
        "polygon":[]

    },
    "bedroom": {
        "safe_place": [],
        "bed": [],
        "polygon":[]
    },  
    "entrance": {
        "safe_place": [
            -0.20614898204803467,
            2.2459628582000732,
            0.0,
            0.0,
            0.0,
            -0.9959002171419062,
            0.09045859548270685
        ]
    },
    "start_area": {
        "safe_place": [
            -0.20614898204803467,
            2.2459628582000732,
            0.0,
            0.0,
            0.0,
            -0.9959002171419062,
            0.09045859548270685
        ]
    }
}