{
    "living_room": {
        "safe_place": [
     -0.2767016589641571,
     -0.13306109607219696,
     0.0,
     0.0,
     0.0,
     -0.3396695049578297,
     0.9405448566664446
        ],
        "couches": [
            -0.2790748178958893,
            -1.6446506977081299,
            0.0,
            0.0,
            0.0,
            0.7017538939306165,
            0.712419449729734
        ],
        "desk": [],
        "polygon": []
    },
    "dinning_room": {
        "safe_place": [],
        "entrance": [],
        "table": [],
        "polygon": []
    },
    "kitchen": {
        "safe_place": [
            -0.3993440866470337,
            -0.9083777070045471,
            0.0,
            0.0,
            0.0,
            0.36318502629712013,
            0.9317170368054671
        ],
        "table": [
     1.0200672149658203,
     0.28275173902511597,
     0.0,
     0.0,
     0.0,
     0.4807041038486013,
     0.8768828682002592
        ],
        "shelve": [
            -0.8904163241386414,
            -2.349043130874634,
            0.0,
            0.0,
            0.0,
            -0.4395253101020707,
            0.8982302053369607
        ],
        "sink": [],
        "beverages": [
     -0.7660588026046753,
     0.18674443662166595,
     0.0,
     0.0,
     0.0,
     0.9393104563872643,
     0.3430683117420632
        ],
        "polygon": []
    },
    "bedroom": {
        "safe_place": [
            3.258049726486206,
            -1.5615190267562866,
            0.0,
            0.0,
            0.0,
            -0.6982116095951207,
            0.7158914360617752
        ],
        "bed": [
            3.1535658836364746,
            -2.3062944412231445,
            0.0,
            0.0,
            0.0,
            -0.7151278705446886,
            0.6989936543132699
        ],
        "polygon": [
            [
                4.3446364402771,
                -4.1031813621521
            ],
            [
                0.7158923149108887,
                -4.135106563568115
            ],
            [
                0.8090150356292725,
                -1.343214750289917
            ],
            [
                4.403831481933594,
                -1.3905080556869507
            ]
        ]
    },
    "entrance": {
        "safe_place": [
            0.33236777782440186,
            -5.306602478027344,
            0.0,
            0.0,
            0.0,
            -0.866230876982212,
            0.4996439409846053
        ]
    },
    "start_area": {
        "safe_place": [
     0.5890681743621826,
     -4.885887622833252,
     0.0,
     0.0,
     0.0,
     0.4960118853724005,
     0.8683157314993877
    ]
    }
}
