{
    "living_room": {
        "safe_place": [
            -0.2790748178958893,
            -1.6446506977081299,
            0.0,
            0.0,
            0.0,
            0.7017538939306165,
            0.712419449729734
        ],
        "couches": [
            0.1673412173986435,
            -0.5239442586898804,
            0.0,
            0.0,
            0.0,
            0.8984334805234034,
            0.43910964584554874
    ],
        "desk": [],
        "polygon": []
    },
    "dinning_room": {
        "safe_place": [],
        "entrance": [],
        "table": [],
        "polygon": []
    },
    "kitchen": {
        "safe_place": [
            -0.3993440866470337,
            -0.9083777070045471,
            0.0,
            0.0,
            0.0,
            0.36318502629712013,
            0.9317170368054671
        ],
        "table": [
            -1.1909844875335693,
            -0.8108115792274475,
            0.0,
            0.0,
            0.0,
            -0.949949702140316,
            0.31240288635594415
        ],
        "shelve": [
            -0.8904163241386414,
            -2.349043130874634,
            0.0,
            0.0,
            0.0,
            -0.4395253101020707,
            0.8982302053369607
        ],
        "sink": [],
        "beverages": [
            -0.16922199726104736,
             2.688774347305298,
            0.0,
            0.0,
            0.0,
            -0.8989630538230943,
            0.4380244603456026          
        ],
        "polygon": []
    },
    "bedroom": {
        "safe_place": [
            3.258049726486206,
            -1.5615190267562866,
            0.0,
            0.0,
            0.0,
            -0.6982116095951207,
            0.7158914360617752
        ],
        "bed": [
            3.1535658836364746,
            -2.3062944412231445,
            0.0,
            0.0,
            0.0,
            -0.7151278705446886,
            0.6989936543132699
        ],
        "polygon": [
            [
                4.3446364402771,
                -4.1031813621521
            ],
            [
                0.7158923149108887,
                -4.135106563568115
            ],
            [
                0.8090150356292725,
                -1.343214750289917
            ],
            [
                4.403831481933594,
                -1.3905080556869507
            ]
        ]
    },
    "entrance": {
        "safe_place": [
            0.8256305456161499,
            4.1427483558654785,
            0.0,
            0.0,
            0.0,
            0.3584060982040103,
            0.9335657817048445
        ]
    },
    "start_area": {
        "safe_place": [
            0.8256305456161499,
            4.1427483558654785,
            0.0,
            0.0,
            0.0,
            0.3584060982040103,
            0.9335657817048445
        ]
    }
}