{
    "living_room": {
        "safe_place": [
            3.823765754699707,
            1.4282853603363037,
            0.0,
            0.0,
            0.0,
            -0.59145169299711,
            0.8063404335954215
        ],
        "table": [
         4.301499366760254,
            1.3238006830215454,
            0.0,
            0.0,
            0.0,
            -0.1641810454591346,
            0.986430222728372
        ]
        
    },
    "kitchen": {
        "safe_place": [
             2.191622495651245,
            2.2036664485931396,
            0.0,
            0.0,
            0.0,
            -0.18210274913502944,
            0.9832795069345565
        ],
        "table": [
         2.7430174350738525,
            0.9603524208068848,
            0.0,
            0.0,
            0.0,
            -0.7832678398818483,
            0.6216843982333988
        ]
    }, 
    "entrance": {
        "safe_place": [
            0.4629077613353729,
            1.5787417888641357,
            0.0,
            0.0,
            0.0,
            -0.9646997700548704,
            0.5171218766175789
        ]
    },
    "start_area": {
        "safe_place": [
            0.4629077613353729,
            1.5787417888641357,
            0.0,
            0.0,
            0.0,
            -0.9646997700548704,
            0.5171218766175789
        ]
    }
}