{
    "living_room": {
        "safe_place": [],
        "couches": [
            3.504070520401001,
            0.2454918771982193,
            0.0,
            0.0,
            0.0,
            0.15674561154669903,
            0.9876390095884484
        ],
        "desk": []
    },
    "dinning_room": {
        "safe_place": [],
        "entrance": [],
        "table": []
    },
    "kitchen": {
        "safe_place": [],
        "table": [
            3.817189931869507,
            -0.10083654522895813,
            0.0,
            0.0,
            0.0,
            -0.8637332391002547,
            0.5039492947444042
        ],
        "shelve": [
            3.063077211380005,
            2.318700075149536,
            0.0,
            0.0,
            0.0,
            0.9999949211560363,
            0.0031871087419256777
        ],
        "sink": [],
        "beverages": [
            -3.724292755126953,
             0.5414600968360901,
            0.0,
            0.0,
            0.0,
             0.29994259223481246,
            0.9539572534256768
        ]

    },
    "bedroom": {
        "safe_place": [],
        "bed": []
    },  
    "entrance": {
        "safe_place": [
            0.026840822771191597,
            0.022589029744267464,
            0.0,
            0.0,
            0.0,
            0.9995770049602584,
            0.029082832645387687
        ]
    }
}
