{
    "living_room": {
        "safe_place": [
            -2.215383291244507,
            0.18795552849769592,
            0.0,
            0.0,
            0.0,
            -0.714487243518006,
            0.699648468053808
        ],
        "sofa": [
            -3.5551726818084717,
            -1.325281023979187,
            0.0,
            0.0,
            0.0,
            0.07252020281745863,
            0.997366943598651
        ],
        "tv_stand": [
            -2.9072115421295166,
            -1.5028247833251953,
            0.0,
            0,
            0,
            0,
            0,
            -0.9971452805747274,
            0.07550688331236988
        ],
        "bookshelf": [
            -2.9072115421295166,
            -1.5028247833251953,
            0.0,
            0,
            0,
            0,
            0,
            -0.9971452805747274,
            0.07550688331236988
        ],
        "polygon": [
            [
                -2.048222303390503,
                0.5699082612991333
            ],
            [
                -4.8139238357543945,
                0.09382273256778717
            ],
            [
                -4.36988639831543,
                -2.9125943183898926
            ],
            [
                -1.6593812704086304,
                -2.5249388217926025
            ]
        ]
    },
    "dining_room": {
        "safe_place": [
            0.5896993279457092,
            0.41119882464408875,
            0.0,
            0.0,
            0.0,
            -0.6537800954676422,
            0.7566846019117349
        ],
        "desk": [
            -0.03312301263213158,
            -0.34844809770584106,
            0.0,
            0.0,
            0.0,
            -0.727712934932125,
            0.6858818297144724
        ],
        "table": [
            -0.03312301263213158,
            -0.34844809770584106,
            0.0,
            0.0,
            0.0,
            -0.727712934932125,
            0.6858818297144724
        ],
        "polygon": [
            [
                1.01995849609375,
                1.0583573579788208
            ],
            [
                -1.8500174283981323,
                0.6107963919639587
            ],
            [
                -1.3237541913986206,
                -2.2289252281188965
            ],
            [
                1.4894176721572876,
                -1.484026312828064
            ]
        ]
    },
    "kitchen": {
        "safe_place": [
            -4.81521463394165,
            1.1691868305206299,
            0.0,
            0.0,
            0.0,
            0.7768687039739949,
            0.6296626213979718
        ],
        "table": [
            -4.68297815322876,
            2.085134983062744,
            0.0,
            0.0,
            0.0,
            0.7180626741462754,
            0.6959784450670149
        ],
        "shelf": [
            -3.3252153396606445,
            1.5793752670288086,
            0.0,
            0.0,
            0.0,
            -0.6354469257391875,
            0.7721445490117868
        ],
        "cabinet": [
            -3.3252153396606445,
            1.5793752670288086,
            0.0,
            0.0,
            0.0,
            -0.6354469257391875,
            0.7721445490117868
        ],
        "pantry": [
            -3.3252153396606445,
            1.5793752670288086,
            0.0,
            0.0,
            0.0,
            -0.6354469257391875,
            0.7721445490117868
        ],
        "sink": [
            -3.958658218383789,
            2.1352035999298096,
            0.0,
            0.0,
            0.0,
            0.7023018094668588,
            0.7118793215282883
        ],
        "dishwasher": [
            -3.958658218383789,
            2.1352035999298096,
            0.0,
            0.0,
            0.0,
            0.7023018094668588,
            0.7118793215282883
        ],
        "fridge": [
            -3.290316581726074,
            1.9842289686203003,
            0.0,
            0.0,
            0.0,
            0.7038462865643192,
            0.7103523103992964
        ],
        "polygon": [
            [
                -3.1882102489471436,
                3.0975050926208496
            ],
            [
                -5.386613845825195,
                2.77496337890625
            ],
            [
                -5.045487403869629,
                0.7543662786483765
            ],
            [
                -2.8551008701324463,
                0.9334195256233215
            ]
        ]
    },
    "bedroom": {
        "safe_place": [
            -1.6138074398040771,
            1.341131329536438,
            0.0,
            0.0,
            0.0,
            0.7042752963419326,
            0.7099269729785472
        ],
        "bed": [
            -1.373017430305481,
            1.611331582069397,
            0.0,
            0.0,
            0.0,
            0.7258788247898741,
            0.6878226019270313
        ],
        "beside_table": [
            -1.9274708032608032,
            1.8040393590927124,
            0.0,
            0.0,
            0.0,
            -0.8684485672931372,
            0.49577927141672357
        ],
        "arm_chair":[
            -0.7765889167785645,
            2.1194915771484375,
            0.0,
            0.0,
            0.0,
            -0.28219927969376907,
            0.9593558081026653
        ],
        "polygon": [
            [
                0.6286845207214355,
                3.526005506515503
            ],
            [
                -2.857774496078491,
                2.459355115890503
            ],
            [
                -2.5128173828125,
                0.8953748941421509
            ],
            [
                0.8880465030670166,
                1.4849270582199097
            ]
        ]
    },
    "entrance": {
        "safe_place": [
            0.30975139141082764,
            -0.01608326844871044,
            0.0,
            0.0,
            0.0,
            0.117530190454139,
            0.9930693099335081
        ]
    },
    "start_area": {
        "safe_place": [
            -0.929807722568512,
            -0.03535902500152588,
            0.0,
            0.0,
            0.0,
            -0.7390268980110487,
            0.6736759191303835
        ]
    },
    "lamp": {
        "safe_place":[
            1.0371812582015991,
            -1.9905411005020142,
            0.0,
            0.0,
            0.0,
            -0.6531798582804043,
            0.7572027949874399
        ]
    },
    "coat_rack": {
        "safe_place":[
            1.0371812582015991,
            -1.9905411005020142,
            0.0,
            0.0,
            0.0,
            -0.6531798582804043,
            0.7572027949874399
        ]
    }
}