{
    "living_room": {
        "safe_place": [
            4.616054058074951,
            -0.6653316617012024,
            0.0,
            0.0,
            0.0,
            0.2972295252389086,
            0.9548060584884519
        ],
        "couches": [
            -3.5551726818084717,
            -1.325281023979187,
            0.0,
            0.0,
            0.0,
            0.07252020281745863,
            0.997366943598651
        ],

        "desk": [],
        "polygon":[
            [7.0009260177612305, -1.2181727886199951],
            [3.795368194580078, -1.116289734840393],
            [3.8675217628479004, 2.240265130996704],
            [7.069365501403809, 2.213679075241089]
    ]
        
    },
    "dinning_room": {
        "safe_place": [],
        "entrance": [],
        "table": [],
        "polygon":[]
    },
    "kitchen": {
        "safe_place": [
            0.36008721590042114,
            1.2255058288574219,
            0.0,
            0.0,
            0.0,
            0.999501653369669,
            0.031566515666102524
        ],
        "table": [
            -0.605448842048645,
            1.6594158411026,
            0.0,
            0.0,
            0.0,
            0.6863919578925292,
            0.7272317925809215
        ],
        "shelve": [
        ],
        "sink": [],
        "beverages": [
            0.053195733577013016,
            0.028572658076882362,
            0.0,
            0.0,
            0.0,
            0.020031715707574168,
            0.9997993450517013
        ],
        "polygon":[
            [0.8707867860794067, 2.1656203269958496],
            [-0.808527350425720, 2.0332424640655518],
            [-0.5907688140869141,-0.49719882011413574],
            [1.1805819272994995,  -0.6491097807884216]  
        ] 
    },
    "bedroom": {
        "safe_place": [  
        3.258049726486206,
        -1.5615190267562866,
        0.0,
        0.0,
        0.0,
        -0.6982116095951207,
        0.7158914360617752
    ],
        "bed": [ 
        3.1535658836364746,
        -2.3062944412231445,
        0.0,
        0.0,
        0.0,
        -0.7151278705446886,
        0.6989936543132699
    ],
        "polygon":[
            [4.3446364402771, -4.1031813621521],
            [0.7158923149108887, -4.135106563568115],
            [0.8090150356292725, -1.343214750289917],
            [4.403831481933594, -1.3905080556869507]
          ]
    },  
    "entrance": {
        "safe_place": [
            0.30975139141082764,
            -0.01608326844871044,
            0.0,
            0.0,
            0.0,
            0.117530190454139,
            0.9930693099335081
        ]
    },
    "start_area": {
        "safe_place": [
            0.36008721590042114,
            1.2255058288574219,
            0.0,
            0.0,
            0.0,
            0.999501653369669,
            0.031566515666102524
        ]
    }
}