{
    "end_area": {
        "safe_place": [
          8.094012260437012,
          0.1856335699558258,
          0.0,
          0.0,
          0.0,
          0.8744736692375078,
          0.4850729860652825
        ]

    },
    "inspection_area": {
        "safe_place": [  
        3.1548826694488525,
        1.2563815116882324,
        0.0,
        0.0,
        0.0,
        0.9836562264677197,
        0.18005673586757692
        ]
    },
    "start_area": {
        "safe_place": [
        -0.038373399525880814,
        -0.4835270047187805,
        0.0,
        0.0,
        0.0,
        -0.9615163398334772,
        0.27474775382745786
        ]
    }
}
