{
    "start_area": {
        "safe_place": [
            1.3314429978454916,
            -2.3417988981224998,
            0.0,
            0.0,
            0.0,
            -0.41132612542431163,
            0.9114882437768594
        ]
    },
    "living_room": {
        "safe_place": [
            0.011806186518929174,
            -1.0221620867959373,
            0.0,
            0.0,
            0.0,
            -0.9347217015464174,
            0.35538055751288666
        ],
        "table": [
            0.011806186518929174,
            -1.0221620867959373,
            0.0,
            0.0,
            0.0,
            -0.9347217015464174,
            0.35538055751288666
        ],
        "polygon": []
    },
    "kitchen": {
        "safe_place": [
            -1.2683913895617702,
            0.7137952917859502,
            0.0,
            0.0,
            0.0,
            0.9417954393612555,
            0.33618648158178477
        ],
        "table": [
            -1.2683913895617702,
            0.7137952917859502,
            0.0,
            0.0,
            0.0,
            0.9417954393612555,
            0.33618648158178477
        ],
        "polygon": []
    }
}