{
    "start_location": {
        "safe_place": [
            0.39992005121410656,
            -1.4398125577480583,
            0.0,
            0.0,
            0.0,
            0.9947697817753476,
            0.1021424557499343
        ]
    },
    "start_area": {
        "safe_place": [
            0.17933612057630466,
            -1.5501045230669588,
            0.0,
            0.0,
            0.0,
            0.9969646747514392,
            0.07785523295037339
        ]
    },
    "inspection_point": {
        "safe_place": [
            4.431704116760586,
            1.709635785247217,
            0.0,
            0.0,
            0.0,
            -0.9590542625816725,
            0.28322238863466376
        ]
    },
    "exit": {
        "safe_place": [
            0.8288332496764976,
            -2.2241109777935746,
            0.0,
            0.0,
            0.0,
            -0.7733421413379022,
            0.6339889056055382
        ]
    },
    "living_room": {
        "safe_place": [
            0.6327586446651194,
            -0.17758228798730702,
            0.0,
            0.0,
            0.0,
            0.8083943282590368,
            0.5886413254594183
        ],
        "polygon": [
            [
                -1.0583848235580242,
                -0.01827167141556174
            ],
            [
                -0.42114235727104266,
                1.8321824133793285
            ],
            [
                1.9930262169315602,
                0.9866106792677556
            ],
            [
                1.392547739084212,
                -0.863843405527132
            ],
            [
                -1.0093661723051799,
                -0.05503565985519465
            ]
        ],
        "couches": [
            0.5224666793462189,
            0.1532936079693945,
            0.0,
            0.0,
            0.0,
            0.8128906526581207,
            0.5824163346104353
        ]
    },
    "kitchen": {
        "safe_place": [
            2.691541997284598,
            -0.5574768351968542,
            0.0,
            0.0,
            0.0,
            0.2470874613225212,
            0.9689931818424686
        ],
        "dining_table": [
            2.9611445791752447,
            0.14103894515618443,
            0.0,
            0.0,
            0.0,
            0.9896803160140252,
            0.1432929589839617
        ],
        "trash_bin": [
            3.132709858560201,
            0.6312254576846321,
            0.0,
            0.0,
            0.0,
            -0.9956330261941565,
            0.09335350636942437
        ],
        "side_table": [
            3.6964243479679153,
            1.4155238777301484,
            0.0,
            0.0,
            0.0,
            0.9844651128448153,
            0.1755802995539225
        ],
        "cabinet": [
            3.4880950801433253,
            -0.7780607658346552,
            0.0,
            0.0,
            0.0,
            -0.10450155281655513,
            0.9945247234025552
        ],
        "dishwasher": [
            3.769952324847181,
            2.126294320896397,
            0.0,
            0.0,
            0.0,
            -0.9833747594002717,
            0.18158767186804753
        ],
        "breakfast_surface": [
            3.2430018238791014,
            0.8640640511356441,
            0.0,
            0.0,
            0.0,
            0.9956330261941565,
            0.09335350636942437
        ],
        "breakfast_items": [
            3.0224178932413004,
            0.07976563109012869,
            0.0,
            0.0,
            0.0,
            0.9911518100769764,
            0.1327331510254062
        ],
        "polygon": [
            [
                2.262628798822206,
                -0.32463824174584044
            ],
            [
                2.1400821706900954,
                -1.3050112668027358
            ],
            [
                3.94151760423214,
                -1.6358871627594374
            ],
            [
                4.7503253499040765,
                1.942474378698229
            ],
            [
                3.0101632304280894,
                2.334623588720987
            ],
            [
                2.201355484756151,
                -0.2633649276797838
            ]
        ]
    },
    "entrance": {
        "safe_place": [
            6.184120899049785,
            0.5331881551789408,
            0.0,
            0.0,
            0.0,
            -0.12020197913782629,
            0.9927494569181842
        ]
    },
    "bedroom": {
        "safe_place": [
            -0.05350247287470733,
            -1.537849860253747,
            0.0,
            0.0,
            0.0,
            0.9981916700513365,
            0.06011147843901223
        ],
        "bed": [
            -0.11477578694076307,
            -1.3417752552423687,
            0.0,
            0.0,
            0.0,
            0.9991360663705618,
            0.04155864383687435
        ]
    },
    "office": {
        "safe_place": [
            0.7553052727972309,
            -3.265757316916525,
            0.0,
            0.0,
            0.0,
            -0.7660892030008803,
            0.6427342631643936
        ]
    },
    "laundry": {
        "safe_place": [
            4.640033384585176,
            2.4449155540398877,
            0.0,
            0.0,
            0.0,
            -0.40455358483375653,
            0.9145142956773046
        ],
        "laundry_basket": [
            5.49785978150996,
            1.942474378698229,
            0.0,
            0.0,
            0.0,
            -0.09853761796664286,
            0.9951333266680701
        ],
        "washing_machine": [
            5.49785978150996,
            2.1140396580831844,
            0.0,
            0.0,
            0.0,
            0.6213354700248952,
            0.7835446596646184
        ],
        "folding_surface": [
            3.757697662033972,
            1.3787598892905155,
            0.0,
            0.0,
            0.0,
            0.977001745877224,
            0.21323130293851364
        ],
        "polygon": [
            [
                4.554250744892697,
                3.1434313343929237
            ],
            [
                4.0763188951774625,
                0.9375920280149117
            ],
            [
                6.0125556196648295,
                0.1778029335958191
            ],
            [
                6.613034097512178,
                2.6900088103041107
            ]
        ]
    }
}