{
    "living_room": {
        "polygon": [
            [
                -2.078179537075496,
                4.512700782239963
            ],
            [
                1.0374338103857736,
                4.801183499597489
            ],
            [
                1.3836130712148025,
                1.8586597825507347
            ],
            [
                -1.6454554610392087,
                1.5413287934574562
            ],
            [
                -2.0493312653397435,
                4.570397325711468
            ]
        ]
    },
    "office": {
        "polygon": [
            [
                -4.789917080236232,
                3.964583619260666
            ],
            [
                -2.1070278088112486,
                4.570397325711468
            ],
            [
                -1.7031520045107138,
                1.483632249985952
            ],
            [
                -4.241799917256934,
                0.9932116304781582
            ],
            [
                -4.789917080236232,
                3.935735347524912
            ]
        ]
    },
    "bedroom": {
        "polygon": [
            [
                -5.020703254122251,
                8.436065738302304
            ],
            [
                -2.7128415152620513,
                8.839941542602839
            ],
            [
                -2.135876080547001,
                4.628093869182973
            ],
            [
                -4.818765351971984,
                4.079976706203676
            ],
            [
                -5.0783997975937565,
                8.464914010038058
            ]
        ]
    },
    "kitchen": {
        "polygon": [
            [
                -2.655144971790546,
                8.839941542602839
            ],
            [
                0.5181649191422295,
                8.695700183924076
            ],
            [
                1.0085855386500215,
                4.801183499597489
            ],
            [
                -2.078179537075496,
                4.570397325711468
            ],
            [
                -2.7128415152620513,
                8.86878981433859
            ]
        ],
        "safe_place": [
            -1.1261865697956637,
            4.1953697931466865,
            0.0,
            0.0,
            0.0,
            -0.42823020079318297,
            0.9036696825326332
        ],
        "cabinet": [
            0.1719856583131989,
            7.859100303587255,
            0.0,
            0.0,
            0.0,
            0.7630199824727252,
            0.6463748961301964
        ],
        "dining_table": [
            -0.05880051557282062,
            6.503231532006886,
            0.0,
            0.0,
            0.0,
            1.0,
            6.123233995736766e-17
        ],
        "breakfast_surface": [
            -0.029952243837068515,
            6.503231532006886,
            0.0,
            0.0,
            0.0,
            1.0,
            6.123233995736766e-17
        ],
        "dishwasher": [
            -1.4146692871531883,
            7.945645118794511,
            0.0,
            0.0,
            0.0,
            0.7071067811865475,
            0.7071067811865476
        ],
        "side_table": [
            -1.6166071893034566,
            7.368679684079462,
            0.0,
            0.0,
            0.0,
            -0.9984697628555455,
            0.055300385741790845
        ],
        "trash_bin": [
            -2.078179537075496,
            6.676321162421402,
            0.0,
            0.0,
            0.0,
            0.7554539549957067,
            0.6552017413601285
        ],
        "bed": [
            -3.9533171998994088,
            7.541769314493976,
            0.0,
            0.0,
            0.0,
            0.08248053154489243,
            0.9965926760297168
        ],
        "couches": [
            -0.20304187425158382,
            2.6375631194160514,
            0.0,
            0.0,
            0.0,
            0.05852091795727147,
            0.9982861824954998
        ]
    },
    "entrance": {
        "safe_place": [
            -0.20304187425158382,
            1.483632249985952,
            0.0,
            0.0,
            0.0,
            -0.6154122094026342,
            0.7882054380161103
        ]
    },
    "start_area": {
        "safe_place": [
            -0.2607384177230889,
            1.5413287934574562,
            0.0,
            0.0,
            0.0,
            -0.6154122094026354,
            0.7882054380161094
        ]
    }
}