{
    "start_location": {
        "safe_place": [
            4.17764294619316,
            -11.697430875253431,
            0.0,
            0.0,
            0.0,
            -0.8384922379048739,
            0.5449135408239333
        ]
    },
    "start_area": {
        "safe_place": [
            4.14772133378499,
            -11.727352487661603,
            0.0,
            0.0,
            0.0,
            -0.8330837293028036,
            0.5531469063195897
        ]
    },
    "inspection_point": {
        "safe_place": [
            -1.148404062461358,
            -12.535236022682234,
            0.0,
            0.0,
            0.0,
            -0.74617243019316,
            0.6657527351950074
        ]
    },
    "exit": {
        "safe_place": [
            3.2799945739480165,
            -6.132010967333541,
            0.0,
            0.0,
            0.0,
            0.7393715942248053,
            0.6732975907082024
        ]
    },
    "entrance": {
        "safe_place": [
            -0.9090311631959871,
            -7.598169975333942,
            0.0,
            0.0,
            0.0,
            0.7480458611002505,
            0.6636470369788332
        ]
    },
    "laundry": {
        "safe_place": [
            3.0406216746826455,
            -7.628091587742114,
            0.0,
            0.0,
            0.0,
            -0.700765903702198,
            0.7133913009060607
        ],
        "table": [
            3.4894458608052155,
            -7.897386099415657,
            0.0,
            0.0,
            0.0,
            0.03482024672356002,
            0.9993935913433257
        ],
        "washing_machine": [
            3.4894458608052155,
            -9.303701882599714,
            0.0,
            0.0,
            0.0,
            0.024075430130881738,
            0.999710144823995
        ],
        "shelf": [
            2.292581364478357,
            -7.209189014027714,
            0.0,
            0.0,
            0.0,
            -0.9997640117435364,
            0.021723738685368796
        ],
        "trash": [
            2.382346201702873,
            -7.867464487007485,
            0.0,
            0.0,
            0.0,
            -0.9989079602394026,
            0.046721375946732736
        ],
        "polygon": [
            [
                1.3949329922332137,
                -6.969816114762342
            ],
            [
                4.955604868805615,
                -6.461148703823426
            ],
            [
                5.434350667336361,
                -10.710017665783774
            ],
            [
                1.8437571783557871,
                -11.188763464314517
            ]
        ]
    },
    "bedroom": {
        "polygon": [
            [
                1.7240707287231007,
                -11.24860668913086
            ],
            [
                5.37450744252002,
                -10.889547340232802
            ],
            [
                6.092626140316135,
                -15.138416302193148
            ],
            [
                2.172894914845674,
                -15.706926937948408
            ]
        ],
        "safe_place": [
            4.5666239074993875,
            -11.577744425620747,
            0.0,
            0.0,
            0.0,
            -0.8181440790816558,
            0.5750132745107971
        ],
        "bed": [
            3.7886619848869323,
            -12.146255061376003,
            0.0,
            0.0,
            0.0,
            -0.998758526924799,
            0.04981370188015996
        ]
    },
    "living_room": {
        "safe_place": [
            -0.609815039114272,
            -7.687934812558456,
            0.0,
            0.0,
            0.0,
            -0.785510610550558,
            0.6188481887446141
        ],
        "tv_stand": [
            0.13822527109001292,
            -8.017072549048343,
            0.0,
            0.0,
            0.0,
            0.05151798799181088,
            0.9986720667532839
        ],
        "sofa": [
            -1.2980121245022165,
            -8.824956084068972,
            0.0,
            0.0,
            0.0,
            -0.9993821887634954,
            0.03514599240717644
        ],
        "coffee_table": [
            -2.1058956595228455,
            -10.62025282855926,
            0.0,
            0.0,
            0.0,
            -0.998758526924799,
            0.049813701880159295
        ],
        "polygon": [
            [
                -3.901192404013134,
                -7.5383267505176
            ],
            [
                -3.4822898302987326,
                -11.966725386926974
            ],
            [
                1.6642275039067584,
                -11.188763464314517
            ],
            [
                1.1854817053760147,
                -6.880051277537827
            ]
        ]
    },
    "kitchen": {
        "polygon": [
            [
                -3.5421330551150767,
                -12.08641183655966
            ],
            [
                1.6642275039067584,
                -11.398214751171718
            ],
            [
                2.172894914845674,
                -15.76677016276475
            ],
            [
                -2.9137791945434763,
                -16.365202410928177
            ]
        ],
        "safe_place": [
            -0.8491879383796448,
            -12.26594151100869,
            0.0,
            0.0,
            0.0,
            -0.5674524968700075,
            0.8234061353888458
        ],
        "cabinet": [
            1.1854817053760147,
            -12.565157635090404,
            0.0,
            0.0,
            0.0,
            0.721981549842104,
            0.691912307801786
        ],
        "refrigerator": [
            1.4846978294577298,
            -14.330532767172521,
            0.0,
            0.0,
            0.0,
            -0.665018474113853,
            0.7468269070455903
        ],
        "counter": [
            -2.165738884339188,
            -12.50531441027406,
            0.0,
            0.0,
            0.0,
            1.0,
            6.123233995736766e-17
        ],
        "sink": [
            -2.046052434706503,
            -12.924216983988462,
            0.0,
            0.0,
            0.0,
            -0.9992995821795525,
            0.03742118458536283
        ],
        "cooking_table": [
            -1.9263659850738168,
            -13.313197945294691,
            0.0,
            0.0,
            0.0,
            -0.9984697628555456,
            0.05530038574178774
        ],
        "dishwasher": [
            -1.5972282485839315,
            -14.210846317539835,
            0.0,
            0.0,
            0.0,
            -0.9976525269961167,
            0.06847945223395521
        ],
        "trash": [
            0.5571278448044126,
            -14.92896501533595,
            0.0,
            0.0,
            0.0,
            -0.6375295648477817,
            0.7704258912737799
        ],
        "dinner_table": [
            -0.4003637522570731,
            -12.834452146763947,
            0.0,
            0.0,
            0.0,
            -0.6941398929224772,
            0.7198401274266195
        ]
    }
}