{
    "start_location": {
        "safe_place": [
            -1.0063737362494365,
            -6.570091645765313,
            0.0,
            0.0,
            0.0,
            -0.8986853886102141,
            0.43859385802643025
        ]
    },
    "start_area": {
        "safe_place": [
            -1.0250566560353889,
            -6.588774565551267,
            0.0,
            0.0,
            0.0,
            -0.9153481929073074,
            0.40266324111014506
        ]
    },
    "inspection_point": {
        "safe_place": [
            -6.517835073106411,
            -6.551408725979356,
            0.0,
            0.0,
            0.0,
            -0.9322094217508945,
            0.36191931973695873
        ]
    },
    "exit": {
        "safe_place": [
            -1.3613492121825956,
            -0.6849719131892158,
            0.0,
            0.0,
            0.0,
            0.6963156157085775,
            0.7177357196910187
        ]
    },
    "entrance": {
        "safe_place": [
            -5.8265670410260455,
            -1.8993616992763478,
            0.0,
            0.0,
            0.0,
            0.6915789093529722,
            0.7223009152272711
        ]
    },
    "laundry": {
        "safe_place": [
            -2.687836516985463,
            -5.094140982674798,
            0.0,
            0.0,
            0.0,
            0.48596131461234965,
            0.8739803205451694
        ],
        "table": [
            -1.1762874233464728,
            -2.818608983125033,
            0.0,
            0.0,
            0.0,
            -0.030928989683965753,
            0.9995215843578013
        ],
        "shelf": [
            -2.569901344131237,
            -1.8304100211140195,
            0.0,
            0.0,
            0.0,
            0.99994795326143,
            0.010202488337503573
        ],
        "polygon": [
            [
                -3.380731261678733,
                -1.475671932186989
            ],
            [
                -3.558100306142249,
                -5.7071905643879965
            ],
            [
                0.09063432282149364,
                -5.8592211739281534
            ],
            [
                0.06529588789813445,
                -1.5010103671103465
            ]
        ],
        "trashbin": [
            -2.668668547318134,
            -2.8356179348399078,
            0.0,
            0.0,
            0.0,
            0.999635501889941,
            0.026997469534120463
        ],
        "basket_right": [
            -0.8087860561085662,
            -5.114936307796091,
            0.0,
            0.0,
            0.0,
            0.6919123078017859,
            0.721981549842104
        ],
        "basket_left": [
            -0.8273634822386065,
            -3.8888261832132702,
            0.0,
            0.0,
            0.0,
            0.6904848299012569,
            0.7233468736894024
        ],
        "washing_machine": [
            -1.5704605274403178,
            -4.223219853554038,
            0.0,
            0.0,
            0.0,
            -0.014120069358957398,
            0.9999003068512872
        ],
        "basket_fix": [
            -1.993305323538289,
            -3.813849753446714,
            0.0,
            0.0,
            0.0,
            0.686521453928376,
            0.7271095469707909
        ]
    },
    "bedroom": {
        "polygon": [
            [
                -3.6847924807590466,
                -5.935236478698228
            ],
            [
                0.11597275774485283,
                -6.036590218391669
            ],
            [
                -0.061396286718661486,
                -10.42013946013283
            ],
            [
                -3.710130915682406,
                -10.268108850592677
            ]
        ],
        "safe_place": [
            -0.7201955947260039,
            -6.720727961322369,
            0.0,
            0.0,
            0.0,
            -0.8618709100493624,
            0.5071277298774776
        ],
        "bed": [
            -1.8350867313538153,
            -7.48088100902315,
            0.0,
            0.0,
            0.0,
            0.999710144823995,
            0.024075430130882668
        ],
        "bedside_table": [
            -1.2523027281165504,
            -6.467343612088777,
            0.0,
            0.0,
            0.0,
            0.9999652844073138,
            0.008332465433473369
        ],
        "coat_rack": [
            -1.2269642931931912,
            -9.76134015212549,
            0.0,
            0.0,
            0.0,
            -0.1272452898993829,
            0.9918712800552408
        ]
    },
    "living_room": {
        "safe_place": [
            -4.774345182463497,
            -4.84568377699378,
            0.0,
            0.0,
            0.0,
            0.7804312793920578,
            0.6252415678331662
        ],
        "tv_stand": [
            -4.67299144277006,
            -2.286501849734485,
            0.0,
            0.0,
            0.0,
            0.0,
            1.0
        ],
        "sofa": [
            -6.243974408018339,
            -3.426731421285657,
            0.0,
            0.0,
            0.0,
            1.0,
            6.123233995736766e-17
        ],
        "coffee_table": [
            -7.384203979569508,
            -5.301775605614247,
            0.0,
            0.0,
            0.0,
            0.9997832447816757,
            0.020819785153167597
        ],
        "polygon": [
            [
                -8.85383320512435,
                -1.3743181924935506
            ],
            [
                -3.6847924807590466,
                -1.475671932186989
            ],
            [
                -3.5074234362955323,
                -5.55515995484784
            ],
            [
                -8.929848509894427,
                -5.732528999311355
            ]
        ]
    },
    "kitchen": {
        "polygon": [
            [
                -8.955186944817786,
                -6.036590218391669
            ],
            [
                -3.9128383950692793,
                -6.112605523161746
            ],
            [
                -3.8368230902992035,
                -10.242770415669314
            ],
            [
                -9.1325559892813,
                -10.268108850592677
            ]
        ],
        "safe_place": [
            -6.396005017558494,
            -6.31531300254862,
            0.0,
            0.0,
            0.0,
            -0.6675602627157958,
            0.7445557706732369
        ],
        "cabinet": [
            -4.31825335384303,
            -6.999450745479322,
            0.0,
            0.0,
            0.0,
            0.687933600948663,
            0.7257736290922989
        ],
        "refrigerator": [
            -4.470283963383185,
            -8.975848669501348,
            0.0,
            0.0,
            0.0,
            -0.7251396711765395,
            0.6886018133043074
        ],
        "counter": [
            -7.662926763726462,
            -6.518020481935493,
            0.0,
            0.0,
            0.0,
            1.0,
            6.123233995736766e-17
        ],
        "sink": [
            -7.586911458956383,
            -6.999450745479322,
            0.0,
            0.0,
            0.0,
            0.9997169943850204,
            0.023789307215243572
        ],
        "cooking_table": [
            -7.713603633573181,
            -7.506219443946508,
            0.0,
            0.0,
            0.0,
            1.0,
            6.123233995736766e-17
        ],
        "dishwasher": [
            -7.637588328803101,
            -9.279909888581662,
            0.0,
            0.0,
            0.0,
            0.9992854166923357,
            0.037797565874339634
        ],