{
    "kitchen": {
        "safe_place": [
            -2.3788506981740056,
            2.5486680988184753,
            0.0,
            0.0,
            0.0,
            0.9973986999046718,
            0.07208212974427454
        ],
        "trash_bin": [
            -3.2864769065520942,
            4.4197744360902265,
            0.0,
            0.0,
            0.0,
            0.7223009152272709,
            0.6915789093529724
        ],
        "cabinet": [
            -5.353071965628357,
            4.028796992481204,
            0.0,
            0.0,
            0.0,
            -0.9998852882069477,
            0.015146300779704866
        ],
        "polygon": [
            [
                -6.665639097744361,
                4.489591836734696
            ],
            [
                -2.0437271750805586,
                4.964350161117081
            ],
            [
                -1.8482384532760463,
                1.6550053705692802
            ],
            [
                -6.3863694951664876,
                1.2500644468313649
            ],
            [
                -6.637712137486574,
                4.447701396348013
            ]
        ],
        "side_table": [
            -5.13708503402832,
            2.3818546062817,
            0.0,
            0.0,
            0.0,
            -0.9996880360587108,
            0.024976600270606022
        ],
        "breakfast_items": [
            -4.082395273899033,
            2.450923737916219,
            0.0,
            0.0,
            0.0,
            -0.7071067811865475,
            0.7071067811865476
        ],
        "dishwasher": [
            -3.551783029001074,
            3.9031256713211624,
            0.0,
            0.0,
            0.0,
            0.009432703124711107,
            0.9999555110662479
        ],
        "dining_table": [
            -4.319774436090226,
            4.252212674543503,
            0.0,
            0.0,
            0.0,
            -0.7009854430546879,
            0.7131755805027419
        ]
    },
    "living_room": {
        "safe_place": [
            -1.4293340494092375,
            2.883791621911924,
            0.0,
            0.0,
            0.0,
            0.24567054510382877,
            0.9693533841011686
        ],
        "polygon": [
            [
                -1.8761654135338341,
                2.115800214822772
            ],
            [
                1.9358646616541355,
                2.3392158968850714
            ],
            [
                1.6147046186895802,
                5.397218045112784
            ],
            [
                -2.085617615467239,
                4.964350161117081
            ]
        ],
        "couches": [
            -0.2564017185821683,
            3.065316863587541,
            0.0,
            0.0,
            0.0,
            0.733072284376389,
            0.6801507376157013
        ]
    },
    "entrance": {
        "safe_place": [
            0.9723845327604721,
            3.581965628356607,
            0.0,
            0.0,
            0.0,
            0.05938521209262353,
            0.9982351409285861
        ]
    },
    "bedroom": {
        "bed": [
            -3.8729430719656284,
            0.3145112781954893,
            0.0,
            0.0,
            0.0,
            -0.9870874576374967,
            0.16018224300696726
        ],
        "polygon": [
            [
                -6.2048442534908705,
                1.222137486573578
            ],
            [
                -2.1973254564983886,
                1.4734801288936632
            ],
            [
                -1.722567132116004,
                -1.2075080558539204
            ],
            [
                -6.107099892588614,
                -1.7520837808807732
            ]
        ],
        "safe_place": [
            -2.9513533834586463,
            0.9428678839957039,
            0.0,
            0.0,
            0.0,
            -0.8933991273046985,
            0.4492638415577233
        ]
    },
    "office": {
        "polygon": [
            [
                -1.8761654135338341,
                2.115800214822772
            ],
            [
                1.893974221267455,
                2.325252416756178
            ],
            [
                1.977755102040816,
                -0.9840923737916212
            ],
            [
                -1.4014070891514496,
                -1.1097636949516643
            ]
        ],
        "safe_place": [
            -1.4851879699248114,
            1.4734801288936632,
            0.0,
            0.0,
            0.0,
            -0.4441160701419942,
            0.895969260768265
        ]
    },
    "laundry": {
        "polygon": [
            [
                -3.9986143931256715,
                1.431589688506981
            ],
            [
                -1.8063480128893659,
                1.6689688506981755
            ],
            [
                -1.443297529538131,
                -1.0678732545649838
            ],
            [
                -3.621600429645542,
                -1.3890332975295383
            ]
        ],
        "safe_place": [
            -2.448668098818474,
            1.347808807733621,
            0.0,
            0.0,
            0.0,
            -0.9188986510803823,
            0.3944936869490485
        ],
        "washing_machine": [
            -2.4905585392051552,
            -0.551224489795918,
            0.0,
            0.0,
            0.0,
            -0.6938978092954755,
            0.7200734894821084
        ],
        "laundry_basket": [
            -2.9792803437164332,
            -0.5931149301825984,
            0.0,
            0.0,
            0.0,
            0.04155864383687396,
            0.9991360663705618
        ],
        "folding_surface": [
            -2.7139742212674536,
            0.3005477980665958,
            0.0,
            0.0,
            0.0,
            0.029032999508169136,
            0.9995784536191037
        ]
    }
}