{
    "start_area": {
        "safe_place": [
            -0.9127218564192905,
            1.8799707883726056,
            0.0,
            0.0,
            0.0,
            0.9308043542083104,
            0.36551778915238897
        ]
    },
    "kitchen": {
        "dining_table": [
            -0.1855692468619239,
            1.404524851354327,
            0.0,
            0.0,
            0.0,
            0.402663241110146,
            0.915348192907307
        ],
        "side_table": [
            0.877192259414227,
            -0.46929148865888504,
            0.0,
            0.0,
            0.0,
            -0.39971796346469257,
            0.9166381781726303
        ],
        "cabinet": [
            0.09410483373706313,
            -1.4201833626954405,
            0.0,
            0.0,
            0.0,
            -0.9238795325112865,
            0.38268343236509045
        ],
        "breakfast_surface": [
            1.2407685641929094,
            -1.9795315238934155,
            0.0,
            0.0,
            0.0,
            0.3553805575128855,
            0.9347217015464179
        ],
        "trash_bin": [
            1.6323122770314917,
            -2.986358214049768,
            0.0,
            0.0,
            0.0,
            -0.9145142956773046,
            0.40455358483375653
        ]
    }
}