{
    "living_room": {
        "couches": [
            -0.792864301870603,
            3.388321460592967,
            0.0,
            0.0,
            0.0,
            0.13608082209815298,
            0.990697738897738
        ],
        "polygon": [
            [
                -2.299672356980432,
                1.9449579551719713
            ],
            [
                -2.9975624035576165,
                4.974435202813841
            ],
            [
                0.3967210047950527,
                5.719908661657651
            ],
            [
                1.2215001507499066,
                2.531820039793697
            ],
            [
                -2.3313946318248497,
                1.8973745429053457
            ]
        ]
    },
    "entrance": {
        "safe_place": [
            -0.4597804160042198,
            2.1511527416606855,
            0.0,
            0.0,
            0.0,
            -0.6134397911507607,
            0.7897414910164661
        ]
    }
}