{
    "kitchen": {
        "safe_place": [
            2.8901676214284073,
            -9.075144046522542,
            0.0,
            0.0,
            0.0,
            0.6386358371363974,
            0.7695091081495351
        ],
        "dining_table": [
            3.6191077704542263,
            -8.137935283489346,
            0.0,
            0.0,
            0.0,
            0.057406724906010585,
            0.9983508741597643
        ],
        "trash_bin": [
            2.1165984836867207,
            -8.123058953917392,
            0.0,
            0.0,
            0.0,
            0.9790480213588183,
            0.20362949657007656
        ],
        "side_table": [
            3.6042314408822698,
            -8.137935283489346,
            0.0,
            0.0,
            0.0,
            0.0909582635358836,
            0.9958547054136646
        ],
        "cabinet": [
            2.3546197568380087,
            -7.200726520456152,
            0.0,
            0.0,
            0.0,
            -0.9998919327768259,
            0.014701114509568295
        ],
        "dishwasher": [
            3.8571290436055143,
            -9.387546967533607,
            0.0,
            0.0,
            0.0,
            0.06949191796773892,
            0.9975825145506336
        ],
        "breakfast_surface": [
            3.842252714033556,
            -9.357794308389696,
            0.0,
            0.0,
            0.0,
            0.07561547805501284,
            0.9971370515022054
        ],
        "breakfast_items": [
            3.6042314408822698,
            -8.123058953917392,
            0.0,
            0.0,
            0.0,
            0.052808215751542,
            0.9986046727054398
        ],
        "polygon": [
            [
                1.372782005088947,
                -7.051963224736596
            ],
            [
                1.8785772105354344,
                -11.142953857024356
            ],
            [
                5.419143648660839,
                -10.785921947297423
            ],
            [
                4.8687194544984855,
                -6.471786371430332
            ],
            [
                1.3579056755169923,
                -6.873447269873131
            ]
        ]
    }
}