{
    "start_location": {
        "safe_place": [
            0.11820068350988766,
            0.5289844159470509,
            0.0,
            0.0,
            0.0,
            0.7297530874705488,
            0.6837107804672978
        ]
    },
    "start_area": {
        "safe_place": [
            -0.15833481519142012,
            3.1330270287176956,
            0.0,
            0.0,
            0.0,
            -0.6948157036798382,
            0.7191878321550575
        ]
    },
    "inspection_point": {
        "safe_place": [
            -1.1031644357542194,
            4.907463145384417,
            0.0,
            0.0,
            0.0,
            0.8876805541503052,
            0.46045980691413996
        ]
    },
    "exit": {
        "safe_place": [
            -1.7714585576157122,
            7.407804946142072,
            0.0,
            0.0,
            0.0,
            0.7424284630434066,
            0.669925352007972
        ]
    },
    "living_room": {
        "safe_place": [
            -1.5755792460356197,
            6.808644698955906,
            0.0,
            0.0,
            0.0,
            0.7782457171509328,
            0.6279598743042666
        ],
        "couches": [
            -1.8636370571828147,
            7.384760321250296,
            0.0,
            0.0,
            0.0,
            0.8838297407892761,
            0.46780871015444025
        ],
        "polygon": [
            [
                -2.981301364433932,
                6.128828264648524
            ],
            [
                -3.396104612485893,
                7.073657885211325
            ],
            [
                -3.2347922382434637,
                8.433290753826086
            ],
            [
                -2.393663429693654,
                8.917227876553374
            ],
            [
                0.014499871496897576,
                8.928750188999262
            ],
            [
                0.1527676208475519,
                6.589720762484038
            ]
        ]
    },
    "kitchen": {
        "safe_place": [
            -1.8636370571828147,
            5.967515890406096,
            0.0,
            0.0,
            0.0,
            -0.3369508144304498,
            0.9415222507485719
        ],
        "dining_table": [
            -0.9879413112953417,
            5.8062035161636665,
            0.0,
            0.0,
            0.0,
            0.004854197353422359,
            0.9999882183146229
        ],
        "trash_bin": [
            -1.494923058914405,
            4.492659897332457,
            0.0,
            0.0,
            0.0,
            -0.9987077006139649,
            0.05082252192057231
        ],
        "side_table": [
            -0.9418520615117907,
            5.402922580557593,
            0.0,
            0.0,
            0.0,
            0.015379156728286299,
            0.9998817337757135
        ],
        "cabinet": [
            -1.6677577456027222,
            5.495101080124696,
            0.0,
            0.0,
            0.0,
            -0.9990479761993697,
            0.043625007185598835
        ],
        "dishwasher": [
            -0.964896686403566,
            5.4259672054493695,
            0.0,
            0.0,
            0.0,
            -0.01063649244194218,
            0.9999434309142355
        ],
        "breakfast_surface": [
            -0.8727181868364635,
            5.8062035161636665,
            0.0,
            0.0,
            0.0,
            0.026288501930410206,
            0.9996543976126223
        ],
        "breakfast_items": [
            -0.8727181868364635,
            5.4144448930034805,
            0.0,
            0.0,
            0.0,
            -0.011625549517209002,
            0.9999324210157519
        ],
        "polygon": [
            [
                -2.9352121146503807,
                6.071216702419086
            ],
            [
                0.12972299595577574,
                6.52058688780871
            ],
            [
                0.3371246199817559,
                3.974155837267505
            ],
            [
                -2.7738997404079515,
                3.8243657754709637
            ]
        ]
    },
    "entrance": {
        "safe_place": [
            -0.14681250274553115,
            3.0178039042588174,
            0.0,
            0.0,
            0.0,
            -0.6924372782237768,
            0.7214780770931629
        ]
    },
    "bedroom": {
        "safe_place": [
            -0.35421412677151176,
            4.285258273306477,
            0.0,
            0.0,
            0.0,
            0.9698351066195654,
            0.24376190425949704
        ],
        "bed": [
            -1.448833809130854,
            4.481137584886568,
            0.0,
            0.0,
            0.0,
            -0.9994074065222308,
            0.03442144373073881
        ]
    },
    "office": {
        "safe_place": [
            -1.9558155567499171,
            5.552712642354134,
            0.0,
            0.0,
            0.0,
            -0.2996680106634787,
            0.9540435437573032
        ]
    },
    "laundry": {
        "safe_place": [
            -0.9764189988494536,
            6.059694389973199,
            0.0,
            0.0,
            0.0,
            -0.025947786625911677,
            0.9996632995009951
        ],
        "laundry_basket": [
            -1.1146867482001075,
            5.495101080124696,
            0.0,
            0.0,
            0.0,
            -0.017433907509654897,
            0.9998480178851908
        ],
        "washing_machine": [
            -1.010985936187117,
            4.780717708479651,
            0.0,
            0.0,
            0.0,
            0.05430388288145367,
            0.9985244555362665
        ],
        "folding_surface": [
            -0.8035843121611363,
            4.515704522224231,
            0.0,
            0.0,
            0.0,
            0.0,
            1.0
        ]
    }
}