{
    "living_room": {
        "safe_place": [
            3.0767682385841724,
            7.752323045243392,
            0.0,
            0.0,
            0.0,
            -0.9999509984069481,
            0.009899534582371928
        ],
        "polygon": [
            [
                -1.7274501710571828,
                6.230987215523632
            ],
            [
                -1.0548595937073921,
                10.266530679622372
            ],
            [
                4.614118129669407,
                9.209602629501271
            ],
            [
                3.9895697364160316,
                5.446298208615541
            ],
            [
                -1.1509439619002197,
                6.247001276889103
            ]
        ],
        "couches": [
            3.0398478488135137,
            7.191162978791654,
            0.0,
            0.0,
            0.0,
            0.9968195933057588,
            0.07969126929433122
        ]
    },
    "entrance": {
        "safe_place": [
            0.04914649501278223,
            2.063462978454466,
            0.0,
            0.0,
            0.0,
            -0.752215534746168,
            0.6589171338541263
        ]
    }
}