{
    "start_area": {
        "safe_place": [
            1.6340270927640024,
            0.6390696574555772,
            0.0,
            0.0,
            0.0,
            -0.974517278999778,
            0.2243124448862987
        ]
    },
    "living_room": {
        "table": [
            4.87100432403216,
            2.3097675832714013,
            0.0,
            0.0,
            0.0,
            0.3404252637530179,
            0.9402715776831119
        ]
    },
    "kitchen": {
        "table": [
            3.6939216944801023,
            1.9965117221809332,
            0.0,
            0.0,
            0.0,
            0.9018195251336761,
            0.43211288350114124
        ]
    }
}