{
    "living_room": {
        "polygon": [
            [
                2.515931440070652,
                -1.2760519451404253
            ],
            [
                4.850859704528865,
                -1.2473438107413486
            ],
            [
                4.850859704528865,
                -4.118157250648988
            ],
            [
                2.5733477088688046,
                -3.965047200520581
            ],
            [
                2.5255008182036764,
                -1.3526069702046293
            ]
        ],
        "dining_table": [
            3.625979303501606,
            -1.9267696581861564,
            0.0,
            0.0,
            0.0,
            -0.7071067811865475,
            0.7071067811865476
        ],
        "coffee_table": [
            4.458515201074821,
            -2.6636117744291177,
            0.0,
            0.0,
            0.0,
            1.0,
            6.123233995736766e-17
        ],
        "safe_place": [
            4.468084579207847,
            -3.687535234662843,
            0.0,
            0.0,
            0.0,
            0.8857793119141784,
            0.464106680176923
        ]
    },
    "kitchen": {
        "polygon": [
            [
                6.142725752487305,
                -2.3956691867044047
            ],
            [
                8.669041579606027,
                -2.453085455502557
            ],
            [
                9.118802351858223,
                -4.66361180423144
            ],
            [
                6.3054051807487355,
                -4.807152476226824
            ],
            [
                6.181003265019406,
                -2.3478222960392774
            ]
        ],
        "kitchen_table": [
            8.247988941752906,
            -4.271267300777396,
            0.0,
            0.0,
            0.0,
            -0.7071067811865475,
            0.7071067811865476
        ],
        "safe_place": [
            6.582917146606475,
            -2.921984984020805,
            0.0,
            0.0,
            0.0,
            -0.3677382192945924,
            0.9299293532683235
        ]
    },
    "start_location": {
        "safe_place": [
            5.434591770643419,
            -4.0320328474517595,
            0.0,
            0.0,
            0.0,
            0.7071067811865475,
            0.7071067811865476
        ]
    },
    "start_area": {
        "safe_place": [
            5.444161148776445,
            -4.022463469318733,
            0.0,
            0.0,
            0.0,
            0.7071067811865475,
            0.7071067811865476
        ]
    }
}