{
    "entrance": {
        "polygon": [
            [
                -0.9981983805668024,
                -0.4407624831309045
            ],
            [
                -0.9981983805668024,
                -0.4407624831309045
            ],
            [
                0.006727395411605386,
                -1.350883940620783
            ],
            [
                0.727240215924426,
                -0.706214574898786
            ],
            [
                -0.06911605937921816,
                0.2797503373819157
            ],
            [
                -1.3394939271255069,
                -0.8199797570850214
            ],
            [
                -0.9223549257759793,
                -1.350883940620783
            ],
            [
                -0.050155195681512055,
                -1.3888056680161955
            ]
        ],
        "safe_place": [
            -0.031194331983805945,
            -0.6872537112010808,
            0.0,
            0.0,
            0.0,
            0.2760860355548108,
            0.9611329257556562
        ]
    },
    "living_room": {
        "polygon": [
            [
                3.571369770580297,
                2.137914979757085
            ],
            [
                4.955512820512821,
                0.46935897435897367
            ],
            [
                5.6760256410256416,
                0.8106545209176783
            ],
            [
                4.727982456140351,
                3.1807624831309043
            ],
            [
                3.419682860998651,
                2.25168016194332
            ]
        ],
        "couches": [
            4.841747638326586,
            1.4174021592442636,
            0.0,
            0.0,
            0.0,
            -0.4891574340363358,
            0.8721955083162191
        ]
    }
}