{
    "end_area": {
        "safe_place": [
        1.2768086194992065,
        -5.200842380523682,
        0.0,
        0.0,
        0.0,
        -0.5519385143392388,
        0.8338848100241387
        ]
    },
    "inspection_area": {
        "safe_place": [  
        -0.08481556922197342,
        -1.2640135288238525,
        0.0,
        0.0,
        0.0,
        -0.8212386787147853,
        0.5705848162918407
    ]
    },
    "start_area": {
        "safe_place": [
            2.0600745677948,
            3.599355936050415,
            0.0,
            0.0,
            0.0,
            -0.9773508517955484,
            0.2116254060705282
        ]
    }
}