{
    "kitchen": {
        "safe_place": [
            -3.5203280448715795,
            7.385033857279087,
            0.0,
            0.0,
            0.0,
            0.623367948525531,
            0.7819286417257466
        ],
        "trash_bin": [
            -3.4828899156722644,
            10.080579159629737,
            0.0,
            0.0,
            0.0,
            0.6463748961301955,
            0.7630199824727258
        ],
        "side_table": [
            -1.7856947253033368,
            8.895038401651442,
            0.0,
            0.0,
            0.0,
            -0.7589654749242357,
            0.6511308684688735
        ],
        "cabinet": [
            -2.721647955286201,
            9.806032878834763,
            0.0,
            0.0,
            0.0,
            0.6154122094026357,
            0.7882054380161091
        ],
        "dishwasher": [
            -2.596854191288486,
            7.272719469681144,
            0.0,
            0.0,
            0.0,
            -0.05530038574178881,
            0.9984697628555456
        ],
        "dining_table": [
            -3.8532344105159475,
            8.36837071645471,
            0.0,
            0.0,
            0.0,
            0.9972302524663744,
            0.07437622984429348
        ],
        "breakfast_items": [
            -2.5543243464886434,
            8.376064460732708,
            0.0,
            0.0,
            0.0,
            -0.09191930088058668,
            0.9957664596307831
        ]
    }
}