{
    "start_location": {},
    "start_area": {},
    "inspection_point": {
        "safe_place": [
            -1.2628283184059566,
            -12.589466136660963,
            0.0,
            0.0,
            0.0,
            -0.7589654749242353,
            0.6511308684688739
        ]
    },
    "exit": {
        "safe_place": [
            3.262179229143607,
            -6.13641189493811,
            0.0,
            0.0,
            0.0,
            0.7364780480097527,
            0.6764614436904327
        ]
    },
    "entrance": {},
    "laundry": {},
    "bedroom": {},
    "living_room": {},
    "kitchen": {}
}