{
    "start_location": {
        "safe_place": [
            -16.63242760492065,
            7.699769895785508,
            0.0,
            0.0,
            0.0,
            0.4265081577477245,
            0.904483715372832
        ]
    },
    "start_area": {
        "safe_place": [
            -16.660891148212734,
            7.71400166743155,
            0.0,
            0.0,
            0.0,
            0.43935144615960897,
            0.8983152602274216
        ]
    },
    "inspection_point": {
        "safe_place": [
            -10.93971894650463,
            7.79939229730779,
            0.0,
            0.0,
            0.0,
            0.3461403774530036,
            0.9381827322524606
        ]
    },
    "exit": {
        "safe_place": [
            -16.020461424140933,
            1.523181001404124,
            0.0,
            0.0,
            0.0,
            -0.7245473127905072,
            0.6892250659458454
        ]
    },
    "entrance": {
        "safe_place": [
            -11.608612213868511,
            3.0744441108224905,
            0.0,
            0.0,
            0.0,
            -0.7071067811865475,
            0.7071067811865476
        ]
    },
    "laundry": {
        "safe_place": [
            -14.739601975997324,
            5.935030211676544,
            0.0,
            0.0,
            0.0,
            -0.9059306373391699,
            0.4234261214547887
        ],
        "table": [
            -16.233937998831532,
            3.5725561184338925,
            0.0,
            0.0,
            0.0,
            -0.9998700201375426,
            0.016122742637349554
        ],
        "washing_machine": [
            -16.262401542123612,
            5.066892141268097,
            0.0,
            0.0,
            0.0,
            -0.9992995821795526,
            0.037421184585359944
        ],
        "shelf": [
            -14.910383235749805,
            2.675954504733369,
            0.0,
            0.0,
            0.0,
            -0.015619281560321234,
            0.9998780115811825
        ],
        "trash": [
            -14.881919692457727,
            3.5440925751418124,
            0.0,
            0.0,
            0.0,
            -0.053029536395858425,
            0.9985929442318529
        ],
        "polygon": [
            [
                -17.68557870672762,
                6.418910447641904
            ],
            [
                -14.042245165341363,
                6.518532849164185
            ],
            [
                -13.956854535465123,
                2.249001355352167
            ],
            [
                -17.5005656753291,
                2.0639883239536463
            ]
        ]
    },
    "bedroom": {
        "safe_place": [
            -16.988221896071657,
            7.400902691218668,
            0.0,
            0.0,
            0.0,
            0.5151319244126713,
            0.8571109032388387
        ],
        "bed": [
            -15.949302565910731,
            8.15518658845879,
            0.0,
            0.0,
            0.0,
            0.009477395861695548,
            0.9999550884753179
        ],
        "polygon": [
            [
                -14.028013393695323,
                6.646618793978545
            ],
            [
                -14.241489968385924,
                11.172322177419282
            ],
            [
                -17.94175059635634,
                10.973077374374725
            ],
            [
                -17.67134693508158,
                6.632387022332505
            ]
        ]
    },
    "living_room": {
        "safe_place": [
            -12.932166976950239,
            5.991957298260703,
            0.0,
            0.0,
            0.0,
            -0.544490844631754,
            0.8387667852938617
        ],
        "tv_stand": [
            -12.832544575427958,
            3.245225370574971,
            0.0,
            0.0,
            0.0,
            1.0,
            6.123233995736766e-17
        ],
        "sofa": [
            -11.537453355638313,
            4.839183794931456,
            0.0,
            0.0,
            0.0,
            -0.019128250361025004,
            0.9998170382815678
        ],
        "coffee_table": [
            -10.057349104450147,
            6.333519817765664,
            0.0,
            0.0,
            0.0,
            -0.006756294104274417,
            0.9999771759845204
        ],
        "polygon": [
            [
                -13.729146189128482,
                6.532764620810225
            ],
            [
                -8.648403711492183,
                6.803168282084986
            ],
            [
                -8.4064635935095,
                2.3913190718125676
            ],
            [
                -13.657987330898282,
                2.234769583706127
            ]
        ]
    },
    "kitchen": {
        "safe_place": [
            -11.15319552119523,
            7.4293662345107485,
            0.0,
            0.0,
            0.0,
            0.7109391405628855,
            0.7032535377911053
        ],
        "cabinet": [
            -13.2737294964552,
            7.74246521072363,
            0.0,
            0.0,
            0.0,
            -0.7006501217913564,
            0.7135050152828342
        ],
        "refrigerator": [
            -13.4160472129156,
            9.83453564269152,
            0.0,
            0.0,
            0.0,
            0.703211082271315,
            0.7109811346096363
        ],
        "counter": [
            -10.085812647742229,
            7.543220407679069,
            0.0,
            0.0,
            0.0,
            -0.006848833142818936,
            0.9999765464672569
        ],
        "sink": [
            -10.114276191034307,
            8.197881903396912,
            0.0,
            0.0,
            0.0,
            0.0,
            1.0
        ],
        "cooking_table": [
            -10.114276191034307,
            8.895238714052876,
            0.0,
            0.0,
            0.0,
            -0.026756940500654927,
            0.9996419689744146
        ],
        "dishwasher": [
            -10.242362135848666,
            10.403806508533123,
            0.0,
            0.0,
            0.0,
            0.007298686802793822,
            0.9999733642307452
        ],
        "trash": [
            -12.362896111108636,
            10.474965366763321,
            0.0,
            0.0,
            0.0,
            0.8770374214086308,
            0.4804220659471208
        ],
        "dinner_table": [
            -11.338208552593754,
            8.140954816812751,
            0.0,
            0.0,
            0.0,
            0.6759811972317112,
            0.7369188700183911
        ],
        "polygon": [
            [
                -14.141867566863644,
                11.186553949065324
            ],
            [
                -8.918807372766942,
                11.499652925278205
            ],
            [
                -8.648403711492183,
                7.144730801589947
            ],
            [
                -13.956854535465123,
                6.973949541837467
            ]
        ]
    }
}