{
    "start_area": {
        "safe_place": [
            -3.8282243131729894,
            -2.0562020730602786,
            0.0,
            0.0,
            0.0,
            0.0359016391792958,
            0.9993553283513525
        ]
    },
    "kitchen": {
        "dining_table": [
            -0.6714365502666784,
            1.1261467243634895,
            0.0,
            0.0,
            0.0,
            -0.01098702108728696,
            0.999939640862201
        ],
        "side_table": [
            -1.9367077588809494,
            -0.9442970715507686,
            0.0,
            0.0,
            0.0,
            -0.015300746884531435,
            0.999882936720482
        ],
        "trash_bin": [
            -2.767441380698399,
            -2.235129314682499,
            0.0,
            0.0,
            0.0,
            -0.8056906953465293,
            0.5923364782216491
        ],
        "breakfast_surface": [
            -2.115635000503169,
            -1.8005917278856787,
            0.0,
            0.0,
            0.0,
            -0.0035713602427763316,
            0.999993622672673
        ],
        "cabinet": [
            -2.486270001006339,
            0.06536379188890162,
            0.0,
            0.0,
            0.0,
            0.9997421017968333,
            0.02270968724686092
        ],
        "dishwasher": [
            -0.42860672235080877,
            3.9122994867666305,
            0.0,
            0.0,
            0.0,
            -0.040224650328839484,
            0.9991906612383458
        ],
        "safe_place": [
            -1.553292241119049,
            0.03980275737144101,
            0.0,
            0.0,
            0.0,
            0.3988255253565644,
            0.9170268263928054
        ],
        "polygon": [
            [
                -2.2690012076079293,
                2.1358075878031615
            ],
            [
                0.44046845124283074,
                1.854636208111101
            ],
            [
                0.45324896850156193,
                0.2698520680285812
            ],
            [
                -0.31358206702223956,
                0.33375465432223184
            ],
            [
                -0.7864612055952502,
                -0.38195431216664844
            ],
            [
                -1.591633792895239,
                -0.4458568984602991
            ],
            [
                -3.0869543121666494,
                -0.5992231055650592
            ],
            [
                -3.36812569185871,
                0.5638039649793711
            ],
            [
                -2.3840258629364994,
                0.742731206601591
            ]
        ]
    },
    "entrance": {
        "safe_place": [
            -3.62373603703331,
            -2.0306410385428184,
            0.0,
            0.0,
            0.0,
            -0.9999446152134785,
            0.010524566763924255
        ]
    },
    "living_room": {
        "couches": [
            0.3637853476904507,
            -0.3436127603904584,
            0.0,
            0.0,
            0.0,
            0.007575105489448701,
            0.9999713084768102
        ],
        "safe_place": [
            -0.19855741169366947,
            -0.0880024152158585,
            0.0,
            0.0,
            0.0,
            -0.33301817598307554,
            0.9429204072799068
        ],
        "polygon": [
            [
                -0.7998681767872817,
                -0.4452989172435098
            ],
            [
                -0.2725662405634912,
                0.4048409391172969
            ],
            [
                0.5345285597790461,
                0.37255714710359467
            ],
            [
                0.5452898237836123,
                0.5554986351812374
            ],
            [
                1.9012090883590744,
                0.5339761071721023
            ],
            [
                1.9872992003956131,
                -1.2954387736043147
            ],
            [
                -0.7998681767872817,
                -1.3169613016134498
            ]
        ]
    }
}