{
    "kitchen": {
        "polygon": [
            [
                -4.823589436247523,
                -1.8943650649636643
            ],
            [
                -1.4790617991631798,
                -1.8408526227703135
            ],
            [
                -1.4790617991631798,
                -6.041579334948249
            ],
            [
                -4.663052109667475,
                -5.907798229464875
            ],
            [
                -4.850345657344198,
                -1.9211212860603384
            ]
        ],
        "cabinet": [
            -4.154683908830654,
            -4.944574269984584,
            0.0,
            0.0,
            0.0,
            -0.7071067811865475,
            0.7071067811865476
        ],
        "side_table": [
            -2.9238977383836158,
            -5.345917586434706,
            0.0,
            0.0,
            0.0,
            -0.7071067811865475,
            0.7071067811865476
        ],
        "trash_bin": [
            -1.8536488945166258,
            -3.9278378683109443,
            0.0,
            0.0,
            0.0,
            -0.6743382882342809,
            0.7384225572267277
        ],
        "dishwasher": [
            -2.7633604118035677,
            -5.265648923144681,
            0.0,
            0.0,
            0.0,
            -0.6814517407755629,
            0.7318630507095949
        ],
        "breakfast_surface": [
            -2.2282359898700728,
            -3.3927134463774498,
            0.0,
            0.0,
            0.0,
            1.0,
            6.123233995736766e-17
        ],
        "dining_table": [
            -3.6730719290905087,
            -3.472982109667473,
            0.0,
            0.0,
            0.0,
            0.0,
            1.0
        ]
    },
    "living_room": {
        "polygon": [
            [
                -4.823589436247523,
                1.6374561197974034
            ],
            [
                -1.505818020259854,
                1.6374561197974034
            ],
            [
                -1.505818020259854,
                -1.8408526227703135
            ],
            [
                -4.770076994054174,
                -1.8140964016736394
            ],
            [
                -4.796833215150848,
                1.6106998987007293
            ]
        ],
        "safe_place": [
            -2.174723547676723,
            -1.3324844219334935,
            0.0,
            0.0,
            0.0,
            0.9013032363068559,
            0.4331887304891343
        ],
        "couches": [
            -3.2182161704470382,
            0.5136948337370635,
            0.0,
            0.0,
            0.0,
            1.0,
            6.123233995736766e-17
        ]
    },
    "office": {
        "polygon": [
            [
                -1.505818020259854,
                1.6909685619907533
            ],
            [
                0.9022418784408721,
                2.0120432151508494
            ],
            [
                1.169804089407621,
                -1.4127530852235184
            ],
            [
                -1.4523055780665048,
                -1.8140964016736394
            ]
        ],
        "safe_place": [
            -0.756643829552961,
            -1.2522157586434686,
            0.0,
            0.0,
            0.0,
            0.47788530100994187,
            0.8784222441847869
        ]
    },
    "bedroom": {
        "polygon": [
            [
                -1.4790617991631798,
                -1.8408526227703135
            ],
            [
                1.22331653160097,
                -1.6803152961902654
            ],
            [
                1.089535426117596,
                -6.175360440431622
            ],
            [
                -1.4255493569698299,
                -6.095091777141599
            ]
        ],
        "safe_place": [
            -0.9706935983263598,
            -2.9378576877339784,
            0.0,
            0.0,
            0.0,
            -0.5071277298774763,
            0.8618709100493631
        ],
        "bed": [
            -0.1947631865227919,
            -5.158624038757982,
            0.0,
            0.0,
            0.0,
            1.0,
            6.123233995736766e-17
        ]
    },
    "entrance": {
        "safe_place": [
            -3.111191286060339,
            1.9050183307641495,
            0.0,
            0.0,
            0.0,
            0.7254511813770669,
            0.6882736254126102
        ]
    },
    "start_area": {
        "safe_place": [
            -3.111191286060339,
            1.9050183307641495,
            0.0,
            0.0,
            0.0,
            0.7254511813770669,
            0.6882736254126102
        ]
    }
}