{
    "start_location": {
        "safe_place": [
            6.743457023377896,
            -7.3171872672853695,
            0.0,
            0.0,
            0.0,
            -0.9089119634624752,
            0.4169880605902142
        ]
    },
    "start_area": {
        "safe_place": [
            6.763785090198866,
            -7.296859200464398,
            0.0,
            0.0,
            0.0,
            -0.9238795325112865,
            0.3826834323650902
        ]
    },
    "inspection_point": {
        "safe_place": [
            1.1938947812525065,
            -7.21554693318051,
            0.0,
            0.0,
            0.0,
            -0.9238795325112867,
            0.38268343236508984
        ]
    },
    "exit": {
        "safe_place": [
            6.458864087884287,
            -1.340735621919567,
            0.0,
            0.0,
            0.0,
            0.6925379522039542,
            0.7213814419273299
        ]
    },
    "entrance": {
        "safe_place": [
            1.8037367858816697,
            -2.5604196311778953,
            0.0,
            0.0,
            0.0,
            0.7008776068665129,
            0.7132815574463354
        ]
    },
    "laundry": {
        "safe_place": [
            5.056227477237208,
            -5.711269988428573,
            0.0,
            0.0,
            0.0,
            0.5331718778667881,
            0.8460069436192607
        ],
        "table": [
            6.479192154705256,
            -3.454854571300668,
            0.0,
            0.0,
            0.0,
            0.012655186751137899,
            0.9999199199177371
        ],
        "shelf": [
            5.340820412730819,
            -2.4587792970730344,
            0.0,
            0.0,
            0.0,
            0.9999628494471676,
            0.008619728853114857
        ],
        "polygon": [
            [
                4.426057405787072,
                -2.011561827011647
            ],
            [
                4.324417071682213,
                -6.3007839262367655
            ],
            [
                7.902156832173304,
                -6.382096193520654
            ],
            [
                7.963141032636223,
                -2.133530227937481
            ]
        ],
        "trashbin": [
            5.292696418464239,
            -3.2785153783125374,
            0.0,
            0.0,
            0.0,
            0.9956021418165328,
            0.09368231001812657
        ],
        "basket_right": [
            5.940988368687378,
            -4.397323281229923,
            0.0,
            0.0,
            0.0,
            0.7071067811865475,
            0.7071067811865476
        ],
        "basket_left": [
            5.686156130501004,
            -5.756428551557246,
            0.0,
            0.0,
            0.0,
            0.6986405449348437,
            0.7154728429319624
        ],
        "washing_machine": [
            6.053786596061705,
            -4.938310833652633,
            0.0,
            0.0,
            0.0,
            0.00260414017617807,
            0.9999966092212227
        ]
    },
    "bedroom": {
        "polygon": [
            [
                4.182120603935406,
                -6.585376861730375
            ],
            [
                7.902156832173304,
                -6.626032995372317
            ],
            [
                7.922484898994277,
                -10.996567361881324
            ],
            [
                4.263432871219294,
                -10.83394282731355
            ]
        ],
        "safe_place": [
            7.068706092513448,
            -7.0935785322546785,
            0.0,
            0.0,
            0.0,
            -0.8388806930340357,
            0.5443153340249895
        ],
        "bed": [
            6.1742711523906735,
            -8.028669606019394,
            0.0,
            0.0,
            0.0,
            1.0,
            6.123233995736766e-17
        ],
        "bedside_table": [
            6.572000930098156,
            -7.06932795643585,
            0.0,
            0.0,
            0.0,
            0.9997030436896991,
            0.02436851324048449
        ],
        "coat_rack": [
            6.865739751994198,
            -10.164883233340307,
            0.0,
            0.0,
            0.0,
            -0.33910060387327295,
            0.9407501158398981
        ]
    },
    "living_room": {
        "polygon": [
            [
                -1.1669209525406927,
                -1.9262289140444135
            ],
            [
                3.9622107836440623,
                -1.9940147960204246
            ],
            [
                4.0525919596120765,
                -6.377501830469068
            ],
            [
                -1.2121115405246972,
                -6.422692418453075
            ]
        ],
        "safe_place": [
            3.0358037299719296,
            -5.654452422724963,
            0.0,
            0.0,
            0.0,
            0.8800366237167603,
            0.4749058232083549
        ],
        "tv_stand": [
            2.7194696140838808,
            -3.0333983196525764,
            0.0,
            0.0,
            0.0,
            -0.008129275362548751,
            0.9999669568951165
        ],
        "sofa": [
            1.2959660925876708,
            -4.411711253164781,
            0.0,
            0.0,
            0.0,
            0.999023851811072,
            0.04417401399657114
        ],
        "coffee_table": [
            0.43734492089154386,
            -5.948191244621005,
            0.0,
            0.0,
            0.0,
            0.9996880360587108,
            0.024976600270606688
        ]
    },
    "kitchen": {
        "polygon": [
            [
                -1.234706834516702,
                -6.761621828333127
            ],
            [
                4.188163723564097,
                -6.603454770389103
            ],
            [
                4.2107590175561,
                -10.941751216853739
            ],
            [
                -1.1669209525406927,
                -10.919155922861739
            ]
        ],
        "cabinet": [
            3.5103049038039966,
            -7.688028882005263,
            0.0,
            0.0,
            0.0,
            0.7014730869296685,
            0.7126959438030792
        ],
        "refrigerator": [
            3.442519021827989,
            -9.631224165317548,
            0.0,
            0.0,
            0.0,
            -0.7071067811865475,
            0.7071067811865476
        ],
        "counter": [
            0.1887966869795079,
            -7.19093241418119,
            0.0,
            0.0,
            0.0,
            0.9999571431629286,
            0.009258068774555402
        ],
        "sink": [
            0.3017731569395252,
            -7.66543358801326,
            0.0,
            0.0,
            0.0,
            0.9996288581095851,
            0.02724235735994481
        ],
        "cooking_table": [
            0.34696374492353144,
            -8.23031593781334,
            0.0,
            0.0,
            0.0,
            0.9998817337757135,
            0.015379156728285751
        ],
        "dishwasher": [
            0.27917786294752034,
            -9.992748869189603,
            0.0,
            0.0,
            0.0,
            0.9999771759845204,
            0.0067562941042743005
        ],
        "safe_place": [
            1.31621298744089,
            -7.022815771729278,
            0.0,
            0.0,
            0.0,
            -0.7071067811865475,
            0.7071067811865476
        ],
        "dinner_table": [
            1.4606756201069615,
            -7.693122387299843,
            0.0,
            0.0,
            0.0,
            -0.7145096107562464,
            0.6996256257006009
        ],