{
    "kitchen": {
        "safe_place": [
            -2.3788506981740056,
            2.5486680988184753,
            0.0,
            0.0,
            0.0,
            0.9973986999046718,
            0.07208212974427454
        ],
        "trash_bin": [
            -3.2864769065520942,
            4.4197744360902265,
            0.0,
            0.0,
            0.0,
            0.7223009152272709,
            0.6915789093529724
        ],
        "breakfast_surface": [
            -4.208066595059076,
            2.1576906552094544,
            0.0,
            0.0,
            0.0,
            -0.6900850855454534,
            0.7237282464487097
        ],
        "dining_table": [
            -4.333737916219119,
            3.889162191192269,
            0.0,
            0.0,
            0.0,
            -0.6839655407994009,
            0.7295143171994524
        ],
        "cabinet": [
            -5.353071965628357,
            4.028796992481204,
            0.0,
            0.0,
            0.0,
            -0.9998852882069477,
            0.015146300779704866
        ],
        "dishwasher": [
            -3.063061224489796,
            4.0567239527389924,
            0.0,
            0.0,
            0.0,
            -0.0743762298442961,
            0.9972302524663742
        ],
        "polygon": [
            [
                -6.665639097744361,
                4.489591836734696
            ],
            [
                -2.0437271750805586,
                4.964350161117081
            ],
            [
                -1.8482384532760463,
                1.6550053705692802
            ],
            [
                -6.3863694951664876,
                1.2500644468313649
            ],
            [
                -6.637712137486574,
                4.447701396348013
            ]
        ],
        "side_table": [
            -5.13708503402832,
            2.3818546062817,
            0.0,
            0.0,
            0.0,
            -0.9996880360587108,
            0.024976600270606022
        ]
    },
    "living_room": {
        "safe_place": [
            -1.4293340494092375,
            2.883791621911924,
            0.0,
            0.0,
            0.0,
            0.24567054510382877,
            0.9693533841011686
        ],
        "polygon": [
            [
                -1.8761654135338341,
                2.115800214822772
            ],
            [
                1.9358646616541355,
                2.3392158968850714
            ],
            [
                1.6147046186895802,
                5.397218045112784
            ],
            [
                -2.085617615467239,
                4.964350161117081
            ]
        ],
        "couches": [
            -0.1446938775510196,
            3.274769065520947,
            0.0,
            0.0,
            0.0,
            0.732892372287571,
            0.680344596982071
        ]
    },
    "entrance": {
        "safe_place": [
            0.9723845327604721,
            3.581965628356607,
            0.0,
            0.0,
            0.0,
            0.05938521209262353,
            0.9982351409285861
        ]
    },
    "bedroom": {
        "polygon": [
            [
                -6.358442534908701,
                1.2081740064446844
            ],
            [
                -3.9986143931256715,
                1.4455531686358745
            ],
            [
                -3.6076369495166487,
                -1.4029967776584318
            ],
            [
                -6.121063372717508,
                -1.5705585392051544
            ],
            [
                -6.302588614393126,
                1.2081740064446844
            ]
        ],
        "safe_place": [
            -4.166176154672395,
            0.17487647690655272,
            0.0,
            0.0,
            0.0,
            -0.9974842088126424,
            0.07088902009067896
        ],
        "bed": [
            -5.269291084854995,
            -0.5372610096670245,
            0.0,
            0.0,
            0.0,
            -0.6732975907082026,
            0.7393715942248049
        ]
    },
    "office": {
        "polygon": [
            [
                -1.8761654135338341,
                2.115800214822772
            ],
            [
                1.893974221267455,
                2.325252416756178
            ],
            [
                1.977755102040816,
                -0.9840923737916212
            ],
            [
                -1.4014070891514496,
                -1.1097636949516643
            ]
        ],
        "safe_place": [
            -1.3595166487647683,
            1.4455531686358745,
            0.0,
            0.0,
            0.0,
            -0.1425385885097926,
            0.9897892456405232
        ]
    },
    "laundry": {
        "polygon": [
            [
                -3.9986143931256715,
                1.431589688506981
            ],
            [
                -1.8063480128893659,
                1.6689688506981755
            ],
            [
                -1.443297529538131,
                -1.0678732545649838
            ],
            [
                -3.621600429645542,
                -1.3890332975295383
            ]
        ],
        "safe_place": [
            -2.448668098818474,
            1.347808807733621,
            0.0,
            0.0,
            0.0,
            -0.9188986510803823,
            0.3944936869490485
        ],
        "washing_machine": [
            -2.4905585392051552,
            -0.551224489795918,
            0.0,
            0.0,
            0.0,
            -0.6938978092954755,
            0.7200734894821084
        ],
        "laundry_basket": [
            -2.9792803437164332,
            -0.5931149301825984,
            0.0,
            0.0,
            0.0,
            0.04155864383687396,
            0.9991360663705618
        ],
        "folding_surface": [
            -2.672083780880773,
            0.3564017185821706,
            0.0,
            0.0,
            0.0,
            0.0,
            1.0
        ]
    }
}