{
    "kitchen": {
        "cabinet": [
            0.1431373865774468,
            7.974493390530265,
            0.0,
            0.0,
            0.0,
            0.7589654749242358,
            0.6511308684688734
        ],
        "side_table": [
            -1.270427928474426,
            8.061038205737521,
            0.0,
            0.0,
            0.0,
            0.7577402104053355,
            0.6525563374413568
        ],
        "trash_bin": [
            -2.1647243522827537,
            7.6860106731727384,
            0.0,
            0.0,
            0.0,
            0.7480458611002505,
            0.6636470369788331
        ],
        "breakfast_surface": [
            -1.5877589175677036,
            6.30129362985662,
            0.0,
            0.0,
            0.0,
            0.03120433877773567,
            0.9995130260489077
        ],
        "dining_table": [
            -1.5589106458319515,
            6.30129362985662,
            0.0,
            0.0,
            0.0,
            0.03220784866722512,
            0.9994811926615874
        ],
        "dishwasher": [
            -1.0684900263241586,
            7.974493390530265,
            0.0,
            0.0,
            0.0,
            0.7302461949657031,
            0.6831840855421857
        ],
        "polygon": [
            [
                -2.0204829936039914,
                4.6569421409187255
            ],
            [
                -2.6262967000547937,
                8.63800364045257
            ],
            [
                -0.5780694068163656,
                9.041879444753107
            ],
            [
                -0.5203728633448605,
                8.436065738302304
            ],
            [
                0.6335580060852397,
                8.436065738302304
            ],
            [
                1.0662820821215266,
                4.974273130012003
            ],
            [
                -1.5300623740961985,
                4.541549053975715
            ]
        ],
        "safe_place": [
            0.4027718321992193,
            5.29160411910528,
            0.0,
            0.0,
            0.0,
            0.88916764271961,
            0.4575815808579406
        ]
    },
    "living_room": {
        "safe_place": [
            -1.0396417545884065,
            4.137673249675181,
            0.0,
            0.0,
            0.0,
            -0.48399841370404495,
            0.8750688747361365
        ],
        "polygon": [
            [
                -1.5877589175677036,
                1.2528460760999316
            ],
            [
                -2.0493312653397435,
                4.541549053975715
            ],
            [
                1.0374338103857736,
                4.801183499597489
            ],
            [
                1.3836130712148025,
                1.6855701521362194
            ],
            [
                -1.5012141023604464,
                1.2239978043641786
            ]
        ],
        "couches": [
            -0.42821108785634987,
            2.586955943289814,
            0.0,
            0.0,
            0.0,
            0.044808350317188994,
            0.9989956014627152
        ]
    },
    "entrance": {
        "safe_place": [
            -0.0573826421037662,
            1.2999631021484932,
            0.0,
            0.0,
            0.0,
            -0.6597957320005302,
            0.7514450026674504
        ]
    },
    "office": {
        "polygon": [
            [
                -4.57326120527993,
                1.1738562090322144
            ],
            [
                -4.764020402132594,
                3.920788643710565
            ],
            [
                -2.169695324936374,
                4.493066234268555
            ],
            [
                -1.6737214131194502,
                1.2501598877732798
            ],
            [
                -4.039135454092474,
                0.906793333438487
            ]
        ],
        "safe_place": [
            -2.5893655580122337,
            3.6918776074873696,
            0.0,
            0.0,
            0.0,
            -0.8676749102378206,
            0.49713202486240005
        ]
    },
    "bedroom": {
        "polygon": [
            [
                -2.1315434855658424,
                4.531218073639087
            ],
            [
                -4.57326120527993,
                4.226003358674825
            ],
            [
                -4.84032408087366,
                8.460857528803949
            ],
            [
                -2.7419729154943644,
                8.727920404397677
            ],
            [
                -2.2841508430479727,
                5.14164750356761
            ]
        ],
        "safe_place": [
            -3.0853394698291576,
            5.256103021679207,
            0.0,
            0.0,
            0.0,
            0.8738886833510727,
            0.4861260835533602
        ],
        "bed": [
            -4.115439132833539,
            7.4689097051701,
            0.0,
            0.0,
            0.0,
            0.11211934139151188,
            0.9936947485450115
        ]
    }
}