{
    "start_area": {
        "safe_place": [
            -3.8282243131729894,
            -2.0562020730602786,
            0.0,
            0.0,
            0.0,
            0.0359016391792958,
            0.9993553283513525
        ]
    },
    "kitchen": {
        "dining_table": [
            -0.6714365502666784,
            1.1261467243634895,
            0.0,
            0.0,
            0.0,
            -0.01098702108728696,
            0.999939640862201
        ],
        "side_table": [
            -1.9367077588809494,
            -0.9442970715507686,
            0.0,
            0.0,
            0.0,
            -0.015300746884531435,
            0.999882936720482
        ],
        "trash_bin": [
            -2.767441380698399,
            -2.235129314682499,
            0.0,
            0.0,
            0.0,
            -0.8056906953465293,
            0.5923364782216491
        ],
        "breakfast_surface": [
            -2.115635000503169,
            -1.8005917278856787,
            0.0,
            0.0,
            0.0,
            -0.0035713602427763316,
            0.999993622672673
        ],
        "cabinet": [
            -2.486270001006339,
            0.06536379188890162,
            0.0,
            0.0,
            0.0,
            0.9997421017968333,
            0.02270968724686092
        ],
        "dishwasher": [
            -0.42860672235080877,
            3.9122994867666305,
            0.0,
            0.0,
            0.0,
            -0.040224650328839484,
            0.9991906612383458
        ]
    }
}