{
    "living_room": {
        "couches": [
            0.31266327865553123,
            -0.31805172587299957,
            0.0,
            0.0,
            0.0,
            0.014558476428137573,
            0.9998940197661407
        ],
        "table": [
            -0.22411844621113008,
            -0.9059555197745786,
            0.0,
            0.0,
            0.0,
            -0.7384225572267271,
            0.6743382882342815
        ],
        "polygon": [
            [
                -0.8120222401127091,
                -0.5097594847539488
            ],
            [
                -0.30080154976350926,
                0.2954131025460409
            ],
            [
                1.8718863842205913,
                0.5510234477206408
            ],
            [
                2.012472074066622,
                -1.3532736238301286
            ],
            [
                -0.8248027573714385,
                -1.4299567273825096
            ]
        ],
        "safe_place": [
            -0.32636258428096987,
            -0.13912448425077883,
            0.0,
            0.0,
            0.0,
            -0.2491603333007939,
            0.9684622492949517
        ]
    },
    "kitchen": {
        "cabinet": [
            -2.5118310355238,
            0.014241722853981287,
            0.0,
            0.0,
            0.0,
            0.9998886848051795,
            0.014920388686911675
        ],
        "polygon": [
            [
                -2.74188034618094,
                -1.1871268994666382
            ],
            [
                -1.5788532756365097,
                -1.1743463822079097
            ],
            [
                -1.6555363791888897,
                -0.40751534668410905
            ],
            [
                -0.7097781020428693,
                -0.4586374157190294
            ],
            [
                -0.21133792895239978,
                0.46155982690953135
            ],
            [
                -0.27524051524604864,
                1.8674167253698313
            ],
            [
                -2.3073427593841194,
                2.0207829324745896
            ],
            [
                -2.3073427593841194,
                0.7682922411190498
            ],
            [
                -3.2403205192714095,
                0.704389654825401
            ]
        ],
        "safe_place": [
            -1.3488039649793695,
            0.1548274127000111,
            0.0,
            0.0,
            0.0,
            0.5913395021386064,
            0.8064227137243005
        ],
        "table": [
            -0.5819729294555689,
            1.1900493106571401,
            0.0,
            0.0,
            0.0,
            0.009614051439254817,
            0.9999537839394995
        ],
        "dishwasher": [
            -1.88558568984603,
            -0.9442970715507686,
            0.0,
            0.0,
            0.0,
            -0.0072458061283878,
            0.9999737488022122
        ]
    },
    "entrance": {
        "safe_place": [
            -3.7004191405856894,
            -1.9922994867666293,
            0.0,
            0.0,
            0.0,
            0.9994811926615873,
            0.032207848667225654
        ]
    },
    "start_area": {
        "safe_place": [
        -0.6313443779945374,
    1.9631057977676392,
0.0,
0.0,
    0.0,
    0.4983698312141601,
	0.866964538684005
        ]
    },
    "office": {
        "safe_place": [
            -4.403347589815839,
            -1.1232243131729893,
            0.0,
            0.0,
            0.0,
            0.6947080008001301,
            0.7192918695663718
        ],
        "polygon": [
            [
                -4.88900724564758,
                0.7682922411190498
            ],
            [
                -3.8793463822079097,
                0.8066337928952407
            ],
            [
                -3.8410048304317197,
                -1.3404931065713983
            ],
            [
                -4.901787762906309,
                -1.4171762101237793
            ]
        ]
    }
}
